{
  "y_true": [
    0,
    0,
    1,
    1,
    1,
    1,
    0,
    0,
    1,
    1,
    1,
    1,
    1,
    0,
    0,
    0,
    0,
    1,
    1,
    1,
    1,
    1,
    1,
    1,
    0,
    0,
    1,
    1,
    0,
    0,
    1,
    0,
    1,
    1,
    1,
    0,
    1,
    0,
    1,
    1,
    1,
    1,
    1,
    0,
    0,
    1,
    1,
    0,
    0,
    0,
    1
  ],
  "y_pred": [
    0,
    0,
    1,
    0,
    1,
    1,
    0,
    0,
    1,
    1,
    1,
    1,
    1,
    0,
    0,
    0,
    0,
    1,
    1,
    1,
    1,
    1,
    1,
    1,
    0,
    0,
    1,
    1,
    0,
    0,
    1,
    1,
    1,
    1,
    1,
    0,
    0,
    0,
    1,
    1,
    1,
    1,
    0,
    1,
    0,
    1,
    1,
    0,
    0,
    1,
    1
  ],
  "y_probs": [
    [
      0.9576127529144287,
      0.04238727688789368
    ],
    [
      0.9963603615760803,
      0.0036395795177668333
    ],
    [
      0.03440576791763306,
      0.9655942916870117
    ],
    [
      0.6335390210151672,
      0.36646100878715515
    ],
    [
      0.0013363462639972568,
      0.9986636638641357
    ],
    [
      0.00011908534361282364,
      0.9998809099197388
    ],
    [
      0.9966380596160889,
      0.003361911978572607
    ],
    [
      0.9386900067329407,
      0.06131000071763992
    ],
    [
      0.00014039187226444483,
      0.9998595714569092
    ],
    [
      1.690160934231244e-05,
      0.9999830722808838
    ],
    [
      0.0014918489614501595,
      0.9985081553459167
    ],
    [
      0.003930709324777126,
      0.9960693120956421
    ],
    [
      0.000463135918835178,
      0.9995368719100952
    ],
    [
      0.999789297580719,
      0.0002106931060552597
    ],
    [
      0.9985394477844238,
      0.0014605388278141618
    ],
    [
      0.9877279996871948,
      0.012272021733224392
    ],
    [
      0.9392061233520508,
      0.06079384312033653
    ],
    [
      0.04667659476399422,
      0.9533233642578125
    ],
    [
      0.0008807543199509382,
      0.999119222164154
    ],
    [
      0.006647930014878511,
      0.9933520555496216
    ],
    [
      0.003686323296278715,
      0.9963136315345764
    ],
    [
      0.00032443247619085014,
      0.9996756315231323
    ],
    [
      0.0007276966352947056,
      0.9992722868919373
    ],
    [
      0.0006387793691828847,
      0.9993612170219421
    ],
    [
      0.9952410459518433,
      0.004758954048156738
    ],
    [
      0.6323984861373901,
      0.36760151386260986
    ],
    [
      1.690160934231244e-05,
      0.9999830722808838
    ],
    [
      1.6688207324477844e-05,
      0.9999833106994629
    ],
    [
      0.9966649413108826,
      0.0033350614830851555
    ],
    [
      0.998927891254425,
      0.0010720835998654366
    ],
    [
      0.0032904280815273523,
      0.9967095851898193
    ],
    [
      0.10494870692491531,
      0.8950513005256653
    ],
    [
      0.001831586821936071,
      0.9981683492660522
    ],
    [
      0.0045775193721055984,
      0.9954224228858948
    ],
    [
      0.001826154999434948,
      0.9981738328933716
    ],
    [
      0.999357283115387,
      0.0006426728796213865
    ],
    [
      0.6669033765792847,
      0.33309659361839294
    ],
    [
      0.9998373985290527,
      0.00016259649419225752
    ],
    [
      0.021715179085731506,
      0.9782847762107849
    ],
    [
      0.06483236700296402,
      0.9351676106452942
    ],
    [
      0.00035817225580103695,
      0.9996417760848999
    ],
    [
      0.0055927676148712635,
      0.9944072961807251
    ],
    [
      0.8098073601722717,
      0.19019263982772827
    ],
    [
      0.0002676289586815983,
      0.9997323155403137
    ],
    [
      0.9990538954734802,
      0.0009460859000682831
    ],
    [
      0.012985204346477985,
      0.9870147705078125
    ],
    [
      0.0067670876160264015,
      0.9932329654693604
    ],
    [
      0.9989744424819946,
      0.0010255738161504269
    ],
    [
      0.9892523884773254,
      0.010747605934739113
    ],
    [
      0.3712969720363617,
      0.6287029981613159
    ],
    [
      0.0002537195978220552,
      0.9997462630271912
    ]
  ]
}