{
  "y_true": [
    1,
    0,
    1,
    1,
    1,
    1,
    1,
    1,
    1,
    1,
    1,
    0,
    0,
    1,
    1,
    0,
    1,
    0,
    0,
    1,
    0,
    1,
    1,
    1,
    0,
    0,
    0,
    1,
    1,
    0,
    0,
    0,
    0,
    0,
    1,
    1,
    0,
    0,
    1,
    0,
    1,
    1,
    1,
    1,
    1,
    1,
    0,
    1,
    1,
    1,
    0
  ],
  "y_pred": [
    1,
    0,
    1,
    1,
    0,
    1,
    1,
    1,
    0,
    1,
    0,
    0,
    0,
    0,
    1,
    1,
    1,
    1,
    0,
    0,
    1,
    0,
    1,
    1,
    0,
    0,
    0,
    1,
    1,
    0,
    0,
    0,
    0,
    0,
    1,
    1,
    1,
    0,
    1,
    0,
    1,
    1,
    1,
    1,
    1,
    1,
    0,
    1,
    1,
    1,
    0
  ],
  "y_probs": [
    [
      0.006290471646934748,
      0.9937095642089844
    ],
    [
      0.8162496089935303,
      0.18375040590763092
    ],
    [
      0.005892727058380842,
      0.9941072463989258
    ],
    [
      0.26366081833839417,
      0.7363392114639282
    ],
    [
      0.6385421752929688,
      0.3614577651023865
    ],
    [
      0.14407332241535187,
      0.8559266924858093
    ],
    [
      0.4149765968322754,
      0.5850233435630798
    ],
    [
      0.0031914724968373775,
      0.9968084692955017
    ],
    [
      0.804718554019928,
      0.1952815055847168
    ],
    [
      0.013738729059696198,
      0.9862613081932068
    ],
    [
      0.9690809845924377,
      0.0309190284460783
    ],
    [
      0.9052484631538391,
      0.09475158900022507
    ],
    [
      0.5383222699165344,
      0.46167775988578796
    ],
    [
      0.8978074193000793,
      0.10219258815050125
    ],
    [
      0.1096125990152359,
      0.8903874158859253
    ],
    [
      0.15251246094703674,
      0.8474875688552856
    ],
    [
      0.044663362205028534,
      0.9553366899490356
    ],
    [
      0.43692535161972046,
      0.5630747079849243
    ],
    [
      0.5665680766105652,
      0.4334319531917572
    ],
    [
      0.753255307674408,
      0.24674466252326965
    ],
    [
      0.1918691098690033,
      0.8081309199333191
    ],
    [
      0.7309743762016296,
      0.26902562379837036
    ],
    [
      0.3783077299594879,
      0.6216922402381897
    ],
    [
      0.054184187203645706,
      0.9458158016204834
    ],
    [
      0.9810051321983337,
      0.018994849175214767
    ],
    [
      0.9720930457115173,
      0.02790692262351513
    ],
    [
      0.8278932571411133,
      0.1721067577600479
    ],
    [
      0.09119514375925064,
      0.9088048934936523
    ],
    [
      0.30361685156822205,
      0.6963831186294556
    ],
    [
      0.9673298597335815,
      0.03267010301351547
    ],
    [
      0.9565433859825134,
      0.043456610292196274
    ],
    [
      0.5616208910942078,
      0.43837907910346985
    ],
    [
      0.9303968548774719,
      0.06960316747426987
    ],
    [
      0.9753061532974243,
      0.024693818762898445
    ],
    [
      0.3455214500427246,
      0.6544785499572754
    ],
    [
      0.007455694954842329,
      0.9925442934036255
    ],
    [
      0.0006338930688798428,
      0.9993661046028137
    ],
    [
      0.9676262140274048,
      0.0323738232254982
    ],
    [
      0.040115226060152054,
      0.9598848223686218
    ],
    [
      0.6728847026824951,
      0.32711532711982727
    ],
    [
      0.039954833686351776,
      0.9600452184677124
    ],
    [
      0.046759992837905884,
      0.9532399773597717
    ],
    [
      0.006290471646934748,
      0.9937095642089844
    ],
    [
      0.022373797371983528,
      0.9776262640953064
    ],
    [
      0.23394863307476044,
      0.7660513520240784
    ],
    [
      0.0012103396002203226,
      0.9987897276878357
    ],
    [
      0.9461061954498291,
      0.05389385670423508
    ],
    [
      0.45139744877815247,
      0.5486025214195251
    ],
    [
      0.1505708396434784,
      0.8494291305541992
    ],
    [
      0.11925314366817474,
      0.8807468414306641
    ],
    [
      0.7390259504318237,
      0.26097407937049866
    ]
  ]
}