{
  "y_true": [
    1,
    1,
    1,
    1,
    1,
    0,
    1,
    1,
    1,
    0,
    1,
    1,
    0,
    0,
    1,
    1,
    1,
    0,
    0,
    0,
    1,
    1,
    1,
    1,
    0,
    1,
    1,
    0,
    0,
    1,
    1,
    0,
    1,
    1,
    1,
    0,
    0,
    1,
    1,
    0,
    1,
    1,
    1,
    0,
    1,
    1,
    1,
    1,
    0,
    1,
    0,
    1,
    1,
    0,
    1,
    1,
    0,
    1,
    0,
    1,
    1,
    0,
    1,
    0,
    1,
    1,
    1,
    0,
    0,
    1,
    1,
    1,
    1,
    1,
    0,
    0,
    0,
    0,
    0,
    0,
    1,
    0,
    0,
    1,
    0,
    1,
    0,
    1,
    0,
    0,
    1
  ],
  "y_pred": [
    1,
    1,
    1,
    1,
    1,
    0,
    1,
    1,
    1,
    0,
    1,
    1,
    0,
    0,
    1,
    1,
    1,
    0,
    0,
    0,
    1,
    1,
    1,
    1,
    0,
    1,
    1,
    0,
    0,
    1,
    1,
    0,
    1,
    1,
    1,
    0,
    0,
    1,
    1,
    1,
    1,
    1,
    1,
    0,
    1,
    1,
    1,
    1,
    0,
    1,
    0,
    1,
    1,
    0,
    1,
    1,
    0,
    1,
    0,
    1,
    1,
    0,
    0,
    1,
    1,
    1,
    1,
    0,
    0,
    1,
    1,
    1,
    1,
    1,
    0,
    0,
    0,
    0,
    0,
    0,
    1,
    0,
    0,
    1,
    0,
    1,
    0,
    1,
    0,
    0,
    1
  ],
  "y_probs": [
    [
      0.08502307534217834,
      0.9149768948554993
    ],
    [
      0.07237858325242996,
      0.9276214838027954
    ],
    [
      0.26901376247406006,
      0.7309862375259399
    ],
    [
      0.15183240175247192,
      0.8481675982475281
    ],
    [
      0.19475160539150238,
      0.8052483797073364
    ],
    [
      0.9411882758140564,
      0.05881166458129883
    ],
    [
      0.1643621027469635,
      0.8356379270553589
    ],
    [
      0.09978465735912323,
      0.9002153277397156
    ],
    [
      0.31653374433517456,
      0.6834662556648254
    ],
    [
      0.8688645362854004,
      0.1311354637145996
    ],
    [
      0.0007673289510421455,
      0.9992326498031616
    ],
    [
      0.009369082748889923,
      0.9906309247016907
    ],
    [
      0.9928827285766602,
      0.007117255590856075
    ],
    [
      0.8643916249275208,
      0.13560830056667328
    ],
    [
      0.07439994812011719,
      0.9256000518798828
    ],
    [
      0.037224046885967255,
      0.9627759456634521
    ],
    [
      0.0680830106139183,
      0.9319170117378235
    ],
    [
      0.8074917793273926,
      0.1925082504749298
    ],
    [
      0.6841548085212708,
      0.31584522128105164
    ],
    [
      0.9926859140396118,
      0.007314080372452736
    ],
    [
      0.49040287733078003,
      0.50959712266922
    ],
    [
      0.0014596717664971948,
      0.9985402822494507
    ],
    [
      0.058134596794843674,
      0.9418653845787048
    ],
    [
      0.0035781902261078358,
      0.9964218139648438
    ],
    [
      0.9298883080482483,
      0.07011166960000992
    ],
    [
      0.015013675205409527,
      0.9849862456321716
    ],
    [
      0.003702400717884302,
      0.9962976574897766
    ],
    [
      0.9880807399749756,
      0.01191922090947628
    ],
    [
      0.9671790599822998,
      0.032820895314216614
    ],
    [
      0.010106950998306274,
      0.9898930191993713
    ],
    [
      0.25364378094673157,
      0.746356189250946
    ],
    [
      0.9926859140396118,
      0.007314080372452736
    ],
    [
      0.04622714966535568,
      0.9537729024887085
    ],
    [
      0.015013675205409527,
      0.9849862456321716
    ],
    [
      0.0014965363079681993,
      0.9985034465789795
    ],
    [
      0.5678220987319946,
      0.43217790126800537
    ],
    [
      0.8803964853286743,
      0.11960349977016449
    ],
    [
      0.013955960050225258,
      0.9860440492630005
    ],
    [
      0.001610935665667057,
      0.9983891248703003
    ],
    [
      0.30184510350227356,
      0.6981549263000488
    ],
    [
      0.21083520352840424,
      0.7891647815704346
    ],
    [
      0.04516991972923279,
      0.9548300504684448
    ],
    [
      0.11104985326528549,
      0.8889501094818115
    ],
    [
      0.5970415472984314,
      0.4029584228992462
    ],
    [
      0.02480711042881012,
      0.9751928448677063
    ],
    [
      0.040538180619478226,
      0.9594618082046509
    ],
    [
      0.004628237336874008,
      0.9953717589378357
    ],
    [
      0.010106950998306274,
      0.9898930191993713
    ],
    [
      0.5201935172080994,
      0.47980648279190063
    ],
    [
      0.02394862286746502,
      0.9760513305664062
    ],
    [
      0.9967060685157776,
      0.0032940111123025417
    ],
    [
      0.03172279894351959,
      0.9682772755622864
    ],
    [
      0.22854284942150116,
      0.7714571356773376
    ],
    [
      0.8194470405578613,
      0.18055295944213867
    ],
    [
      0.001610935665667057,
      0.9983891248703003
    ],
    [
      0.005529301706701517,
      0.9944707155227661
    ],
    [
      0.9272010922431946,
      0.07279889285564423
    ],
    [
      0.04120778664946556,
      0.9587922096252441
    ],
    [
      0.989636242389679,
      0.010363714769482613
    ],
    [
      0.43765249848365784,
      0.5623474717140198
    ],
    [
      0.03766734525561333,
      0.9623327255249023
    ],
    [
      0.9678998589515686,
      0.03210015594959259
    ],
    [
      0.595119297504425,
      0.40488070249557495
    ],
    [
      0.4051753580570221,
      0.5948246717453003
    ],
    [
      0.009847200475633144,
      0.9901527762413025
    ],
    [
      0.022759374231100082,
      0.9772406220436096
    ],
    [
      0.020967714488506317,
      0.9790322780609131
    ],
    [
      0.7921612858772278,
      0.20783869922161102
    ],
    [
      0.9976994395256042,
      0.002300519496202469
    ],
    [
      0.1589752435684204,
      0.8410247564315796
    ],
    [
      0.03777279704809189,
      0.9622271656990051
    ],
    [
      0.20861616730690002,
      0.7913838028907776
    ],
    [
      0.06417451053857803,
      0.935825526714325
    ],
    [
      0.2876274883747101,
      0.7123724818229675
    ],
    [
      0.9743205904960632,
      0.025679409503936768
    ],
    [
      0.9928827285766602,
      0.007117255590856075
    ],
    [
      0.9285709857940674,
      0.07142899930477142
    ],
    [
      0.9891884922981262,
      0.010811577551066875
    ],
    [
      0.9519503116607666,
      0.04804970324039459
    ],
    [
      0.929157555103302,
      0.0708424374461174
    ],
    [
      0.0407928042113781,
      0.9592071771621704
    ],
    [
      0.9911890029907227,
      0.008810967206954956
    ],
    [
      0.7222509384155273,
      0.27774912118911743
    ],
    [
      0.0022154650650918484,
      0.9977845549583435
    ],
    [
      0.9860736131668091,
      0.013926384970545769
    ],
    [
      0.29522743821144104,
      0.7047725319862366
    ],
    [
      0.9633528590202332,
      0.03664708510041237
    ],
    [
      0.022259343415498734,
      0.9777406454086304
    ],
    [
      0.9976994395256042,
      0.002300512744113803
    ],
    [
      0.9891884922981262,
      0.010811551474034786
    ],
    [
      0.22187167406082153,
      0.7781283259391785
    ]
  ]
}