{
  "y_true": [
    1,
    1,
    1,
    0,
    1,
    1,
    0,
    0,
    0,
    0,
    1,
    1,
    0,
    1,
    0,
    1,
    0,
    0,
    1,
    1,
    1,
    0,
    0,
    0,
    1,
    1,
    1,
    0,
    1,
    1,
    1,
    0,
    1,
    1,
    1,
    0,
    0,
    1,
    1,
    1,
    0,
    0,
    1,
    0,
    1,
    1,
    0,
    1,
    1,
    1,
    1
  ],
  "y_pred": [
    1,
    1,
    1,
    0,
    1,
    1,
    0,
    0,
    0,
    0,
    0,
    1,
    0,
    1,
    0,
    1,
    0,
    0,
    1,
    1,
    1,
    0,
    0,
    0,
    0,
    1,
    1,
    1,
    1,
    1,
    1,
    0,
    1,
    1,
    1,
    0,
    0,
    1,
    1,
    1,
    0,
    0,
    0,
    1,
    1,
    1,
    0,
    1,
    1,
    1,
    1
  ],
  "y_probs": [
    [
      1.052881998475641e-05,
      0.9999895095825195
    ],
    [
      8.83318716660142e-06,
      0.9999911785125732
    ],
    [
      0.00042808373109437525,
      0.9995718598365784
    ],
    [
      0.9889301657676697,
      0.01106978952884674
    ],
    [
      0.03409179300069809,
      0.9659082293510437
    ],
    [
      0.0007825545617379248,
      0.9992173910140991
    ],
    [
      0.9264856576919556,
      0.07351429015398026
    ],
    [
      0.9924377799034119,
      0.007562199607491493
    ],
    [
      0.9994587302207947,
      0.0005412831087596714
    ],
    [
      0.9871455430984497,
      0.012854475528001785
    ],
    [
      0.7800461053848267,
      0.21995392441749573
    ],
    [
      0.03521411865949631,
      0.9647859334945679
    ],
    [
      0.9970191717147827,
      0.002980824327096343
    ],
    [
      0.006581610534340143,
      0.9934184551239014
    ],
    [
      0.9896306395530701,
      0.010369389317929745
    ],
    [
      0.007495418656617403,
      0.9925045967102051
    ],
    [
      0.9995385408401489,
      0.00046149303670972586
    ],
    [
      0.8226526379585266,
      0.1773473173379898
    ],
    [
      0.005290944129228592,
      0.9947090148925781
    ],
    [
      0.0704970434308052,
      0.9295029640197754
    ],
    [
      0.05107225850224495,
      0.9489277601242065
    ],
    [
      0.9942314624786377,
      0.005768576171249151
    ],
    [
      0.9988841414451599,
      0.0011158643756061792
    ],
    [
      0.9998193383216858,
      0.00018063133757095784
    ],
    [
      0.7786576151847839,
      0.2213423103094101
    ],
    [
      0.0027067617047578096,
      0.9972931742668152
    ],
    [
      0.4249458312988281,
      0.5750542283058167
    ],
    [
      2.997361843881663e-05,
      0.9999700784683228
    ],
    [
      0.0009670735453255475,
      0.9990329742431641
    ],
    [
      0.05523302033543587,
      0.9447669982910156
    ],
    [
      0.0006782631389796734,
      0.999321699142456
    ],
    [
      0.989645779132843,
      0.010354182682931423
    ],
    [
      0.1445569545030594,
      0.8554430603981018
    ],
    [
      0.002138956217095256,
      0.9978610873222351
    ],
    [
      0.0008267829543910921,
      0.9991732239723206
    ],
    [
      0.9989308714866638,
      0.0010691079078242183
    ],
    [
      0.9996820688247681,
      0.00031795527320355177
    ],
    [
      0.0005205566994845867,
      0.9994794726371765
    ],
    [
      0.02027745544910431,
      0.9797225594520569
    ],
    [
      0.00027057796251028776,
      0.9997294545173645
    ],
    [
      0.960567831993103,
      0.03943217545747757
    ],
    [
      0.999843955039978,
      0.00015604632790200412
    ],
    [
      0.7331770658493042,
      0.2668229043483734
    ],
    [
      0.10533216595649719,
      0.8946678638458252
    ],
    [
      0.00017892113828565925,
      0.999821126461029
    ],
    [
      0.012248518876731396,
      0.9877514839172363
    ],
    [
      0.996478259563446,
      0.0035217159893363714
    ],
    [
      0.0005553798982873559,
      0.9994446635246277
    ],
    [
      0.0003170100098941475,
      0.9996830224990845
    ],
    [
      8.709173926035874e-06,
      0.9999912977218628
    ],
    [
      0.0003170100098941475,
      0.9996830224990845
    ]
  ]
}