{
  "y_true": [
    0,
    0,
    0,
    1,
    1,
    1,
    1,
    1,
    1,
    0,
    1,
    1,
    0,
    1,
    1,
    0,
    0,
    1,
    0,
    1,
    1,
    1,
    1,
    0,
    0,
    1,
    1,
    0,
    1,
    1,
    0,
    0,
    1,
    1,
    1,
    1,
    0,
    0,
    1,
    1,
    1,
    0,
    1,
    0,
    1,
    1,
    1,
    0,
    0,
    0,
    1
  ],
  "y_pred": [
    0,
    1,
    0,
    1,
    1,
    1,
    1,
    1,
    0,
    0,
    1,
    1,
    0,
    1,
    1,
    0,
    1,
    1,
    0,
    1,
    1,
    1,
    1,
    0,
    0,
    1,
    1,
    0,
    1,
    1,
    0,
    0,
    1,
    1,
    1,
    1,
    0,
    0,
    1,
    0,
    1,
    0,
    1,
    0,
    1,
    1,
    1,
    0,
    0,
    1,
    1
  ],
  "y_probs": [
    [
      0.98433518409729,
      0.015664750710129738
    ],
    [
      0.11872579157352448,
      0.8812742233276367
    ],
    [
      0.8931342363357544,
      0.10686575621366501
    ],
    [
      0.002488407539203763,
      0.997511625289917
    ],
    [
      0.03839976340532303,
      0.9616002440452576
    ],
    [
      0.0019238757668063045,
      0.9980760812759399
    ],
    [
      0.06449403613805771,
      0.9355059266090393
    ],
    [
      0.10185764729976654,
      0.8981423377990723
    ],
    [
      0.6172575354576111,
      0.3827424645423889
    ],
    [
      0.9868707656860352,
      0.013129187747836113
    ],
    [
      0.39684996008872986,
      0.6031500101089478
    ],
    [
      0.4391593933105469,
      0.5608406066894531
    ],
    [
      0.7029139399528503,
      0.29708608984947205
    ],
    [
      0.0368378609418869,
      0.9631621837615967
    ],
    [
      0.0016920859925448895,
      0.9983079433441162
    ],
    [
      0.9553738832473755,
      0.04462612420320511
    ],
    [
      0.0713580921292305,
      0.9286419153213501
    ],
    [
      0.18147335946559906,
      0.8185266256332397
    ],
    [
      0.9620600938796997,
      0.03793995827436447
    ],
    [
      0.027486365288496017,
      0.9725136160850525
    ],
    [
      0.11894156038761139,
      0.8810584545135498
    ],
    [
      0.13098359107971191,
      0.8690163493156433
    ],
    [
      0.08491414040327072,
      0.9150859117507935
    ],
    [
      0.8063562512397766,
      0.19364376366138458
    ],
    [
      0.8870723843574524,
      0.1129276379942894
    ],
    [
      0.31735602021217346,
      0.6826440095901489
    ],
    [
      0.01269354298710823,
      0.9873064756393433
    ],
    [
      0.8880855441093445,
      0.11191444844007492
    ],
    [
      0.004102203994989395,
      0.9958977103233337
    ],
    [
      0.04800103232264519,
      0.9519989490509033
    ],
    [
      0.9944732785224915,
      0.005526753608137369
    ],
    [
      0.8227519989013672,
      0.17724807560443878
    ],
    [
      0.496614009141922,
      0.5033859610557556
    ],
    [
      0.010022006928920746,
      0.9899779558181763
    ],
    [
      0.0019238757668063045,
      0.9980760812759399
    ],
    [
      0.012388189323246479,
      0.9876118302345276
    ],
    [
      0.8126586675643921,
      0.1873413622379303
    ],
    [
      0.8929569125175476,
      0.10704303532838821
    ],
    [
      0.37565311789512634,
      0.6243468523025513
    ],
    [
      0.5295987129211426,
      0.4704013168811798
    ],
    [
      0.06751290708780289,
      0.9324870705604553
    ],
    [
      0.9406836032867432,
      0.05931640416383743
    ],
    [
      0.06995251774787903,
      0.9300475120544434
    ],
    [
      0.9642001986503601,
      0.035799842327833176
    ],
    [
      0.12209530174732208,
      0.8779047131538391
    ],
    [
      0.46114465594291687,
      0.5388553738594055
    ],
    [
      0.0005084562581032515,
      0.9994915723800659
    ],
    [
      0.5703347325325012,
      0.4296652376651764
    ],
    [
      0.9918026328086853,
      0.008197426795959473
    ],
    [
      0.03148108720779419,
      0.9685189723968506
    ],
    [
      0.0017705262871459126,
      0.998229444026947
    ]
  ]
}