{
  "y_true": [
    0,
    0,
    0,
    0,
    0,
    0,
    1,
    1,
    0,
    0,
    0,
    1,
    1,
    1,
    1,
    1,
    0,
    0,
    0,
    1,
    1,
    1,
    0,
    1,
    1,
    1,
    1,
    0,
    1,
    1,
    1,
    1,
    0,
    1,
    1,
    0,
    1,
    1,
    0,
    1,
    0,
    1,
    1,
    1,
    0,
    0,
    1,
    1,
    1,
    1,
    1
  ],
  "y_pred": [
    0,
    1,
    0,
    0,
    0,
    0,
    1,
    1,
    0,
    0,
    0,
    1,
    1,
    0,
    1,
    1,
    0,
    1,
    0,
    1,
    1,
    1,
    0,
    1,
    1,
    1,
    1,
    0,
    1,
    1,
    1,
    1,
    0,
    1,
    1,
    0,
    1,
    1,
    0,
    1,
    0,
    1,
    1,
    1,
    0,
    0,
    0,
    1,
    1,
    1,
    1
  ],
  "y_probs": [
    [
      0.999953031539917,
      4.690959758590907e-05
    ],
    [
      0.07188370078802109,
      0.9281162619590759
    ],
    [
      0.8397532105445862,
      0.16024675965309143
    ],
    [
      0.9998806715011597,
      0.00011932563938898966
    ],
    [
      0.7846112847328186,
      0.21538874506950378
    ],
    [
      0.9996598958969116,
      0.000340165919624269
    ],
    [
      0.15467172861099243,
      0.8453282117843628
    ],
    [
      0.004498133901506662,
      0.9955018162727356
    ],
    [
      0.931757390499115,
      0.06824265420436859
    ],
    [
      0.999864935874939,
      0.00013506447430700064
    ],
    [
      0.9912915825843811,
      0.008708363398909569
    ],
    [
      0.001983012305572629,
      0.9980169534683228
    ],
    [
      0.027156958356499672,
      0.9728431105613708
    ],
    [
      0.6075600385665894,
      0.3924400210380554
    ],
    [
      0.017430493608117104,
      0.9825695753097534
    ],
    [
      9.74165741354227e-05,
      0.999902606010437
    ],
    [
      0.9923742413520813,
      0.0076257335022091866
    ],
    [
      0.00995174702256918,
      0.9900482892990112
    ],
    [
      0.998630166053772,
      0.0013698667753487825
    ],
    [
      0.004370072390884161,
      0.9956299066543579
    ],
    [
      0.07372420281171799,
      0.9262757301330566
    ],
    [
      0.40588924288749695,
      0.5941107273101807
    ],
    [
      0.9843643307685852,
      0.015635699033737183
    ],
    [
      0.0007111646118573844,
      0.99928879737854
    ],
    [
      0.00023002151283435524,
      0.9997699856758118
    ],
    [
      0.0011782045476138592,
      0.9988217949867249
    ],
    [
      0.0010849435348063707,
      0.9989150762557983
    ],
    [
      0.9164746403694153,
      0.08352538198232651
    ],
    [
      0.0022957809269428253,
      0.9977042078971863
    ],
    [
      0.0027932622469961643,
      0.9972067475318909
    ],
    [
      0.0001677629043115303,
      0.9998321533203125
    ],
    [
      0.00023002151283435524,
      0.9997699856758118
    ],
    [
      0.9928417205810547,
      0.007158286403864622
    ],
    [
      0.0008412804454565048,
      0.9991587400436401
    ],
    [
      0.4309025704860687,
      0.5690974593162537
    ],
    [
      0.986993670463562,
      0.013006349094212055
    ],
    [
      0.00010137711797142401,
      0.9998986721038818
    ],
    [
      0.13478931784629822,
      0.8652107119560242
    ],
    [
      0.8529232740402222,
      0.14707674086093903
    ],
    [
      0.06312398612499237,
      0.9368759989738464
    ],
    [
      0.9997453093528748,
      0.0002547340118326247
    ],
    [
      0.0004129338776692748,
      0.9995871186256409
    ],
    [
      0.001745386514812708,
      0.9982545971870422
    ],
    [
      0.007024469319730997,
      0.9929755926132202
    ],
    [
      0.9962026476860046,
      0.0037973260041326284
    ],
    [
      0.9993689656257629,
      0.0006310684257186949
    ],
    [
      0.9295420050621033,
      0.07045799493789673
    ],
    [
      0.019598031416535378,
      0.9804019331932068
    ],
    [
      0.3920759856700897,
      0.6079240441322327
    ],
    [
      0.0031111740972846746,
      0.9968888163566589
    ],
    [
      0.004875947255641222,
      0.9951240420341492
    ]
  ]
}