{
  "y_true": [
    1,
    1,
    0,
    0,
    1,
    0,
    0,
    1,
    0,
    0,
    1,
    1,
    1,
    1,
    0,
    0,
    0,
    1,
    1,
    1,
    1,
    1,
    0,
    1,
    1,
    1,
    0,
    1,
    0,
    1,
    1,
    0,
    0,
    1,
    0,
    1,
    1,
    0,
    0,
    1,
    1,
    0,
    0,
    1,
    0,
    1,
    0,
    0,
    1,
    1,
    0,
    1,
    0,
    0,
    1,
    1,
    1,
    1,
    0,
    1,
    1,
    1,
    1,
    0,
    1,
    0,
    1,
    0,
    1,
    1,
    1,
    0,
    1,
    1,
    0,
    1,
    1,
    1,
    1,
    1,
    0,
    1,
    1,
    0,
    1,
    1,
    1,
    0,
    1,
    0,
    0
  ],
  "y_pred": [
    1,
    1,
    0,
    0,
    1,
    0,
    0,
    1,
    0,
    0,
    1,
    1,
    1,
    1,
    0,
    0,
    0,
    1,
    1,
    1,
    1,
    1,
    0,
    1,
    1,
    1,
    0,
    1,
    0,
    1,
    1,
    0,
    0,
    0,
    0,
    1,
    1,
    0,
    0,
    1,
    1,
    0,
    0,
    1,
    0,
    1,
    0,
    0,
    1,
    1,
    0,
    1,
    0,
    0,
    1,
    1,
    1,
    1,
    0,
    1,
    1,
    1,
    1,
    0,
    1,
    0,
    1,
    0,
    1,
    1,
    1,
    0,
    1,
    1,
    0,
    1,
    1,
    1,
    1,
    1,
    0,
    1,
    1,
    0,
    1,
    1,
    1,
    0,
    1,
    0,
    0
  ],
  "y_probs": [
    [
      1.450930264823569e-09,
      1.0
    ],
    [
      0.17759104073047638,
      0.82240891456604
    ],
    [
      0.9997174143791199,
      0.0002825920528266579
    ],
    [
      0.9968938827514648,
      0.003106153104454279
    ],
    [
      1.8020550513963375e-16,
      1.0
    ],
    [
      0.9996906518936157,
      0.0003093999403063208
    ],
    [
      0.9991596937179565,
      0.0008403739775530994
    ],
    [
      3.3017715228567113e-09,
      1.0
    ],
    [
      0.9953469634056091,
      0.004653020296245813
    ],
    [
      0.9925324320793152,
      0.0074675739742815495
    ],
    [
      4.789512330744775e-16,
      1.0
    ],
    [
      8.785845179637083e-14,
      1.0
    ],
    [
      0.00015124415222089738,
      0.9998487234115601
    ],
    [
      9.934812521261716e-12,
      1.0
    ],
    [
      0.9999467134475708,
      5.3272488003131e-05
    ],
    [
      0.9999995231628418,
      4.4267386556384736e-07
    ],
    [
      0.9990200996398926,
      0.0009799093240872025
    ],
    [
      1.5976809718959428e-12,
      1.0
    ],
    [
      2.080506419588346e-06,
      0.9999979734420776
    ],
    [
      1.6783543142512986e-13,
      1.0
    ],
    [
      3.505110726109706e-06,
      0.999996542930603
    ],
    [
      3.121882627965533e-07,
      0.9999996423721313
    ],
    [
      0.9995260238647461,
      0.0004739582072943449
    ],
    [
      0.0077127874828875065,
      0.992287278175354
    ],
    [
      6.992506484948535e-08,
      0.9999998807907104
    ],
    [
      9.494901392903543e-12,
      1.0
    ],
    [
      0.9943337440490723,
      0.005666223354637623
    ],
    [
      3.0876759482545424e-11,
      1.0
    ],
    [
      0.979337215423584,
      0.020662831142544746
    ],
    [
      9.183974847637249e-16,
      1.0
    ],
    [
      9.845657586993184e-07,
      0.9999990463256836
    ],
    [
      0.9985528588294983,
      0.0014471241738647223
    ],
    [
      0.9999861717224121,
      1.3797786778013688e-05
    ],
    [
      0.9991113543510437,
      0.0008886203868314624
    ],
    [
      0.979337215423584,
      0.020662831142544746
    ],
    [
      2.0160304022433066e-14,
      1.0
    ],
    [
      1.6682452042005025e-07,
      0.9999998807907104
    ],
    [
      0.9999979734420776,
      2.076577402476687e-06
    ],
    [
      0.9991986155509949,
      0.0008014185586944222
    ],
    [
      1.5976809718959428e-12,
      1.0
    ],
    [
      1.9816869431771127e-15,
      1.0
    ],
    [
      0.9998235106468201,
      0.0001764995977282524
    ],
    [
      0.999967098236084,
      3.2917723729042336e-05
    ],
    [
      0.0006361511768773198,
      0.9993638396263123
    ],
    [
      0.9983970522880554,
      0.0016029839171096683
    ],
    [
      1.7100280080839525e-09,
      1.0
    ],
    [
      0.9998822212219238,
      0.00011781119974330068
    ],
    [
      0.9998235106468201,
      0.0001764995977282524
    ],
    [
      4.2480855638737935e-11,
      1.0
    ],
    [
      6.107818990130909e-06,
      0.9999939203262329
    ],
    [
      0.9999979734420776,
      2.076577402476687e-06
    ],
    [
      6.30810106372337e-08,
      0.9999998807907104
    ],
    [
      0.999997615814209,
      2.4330765882041305e-06
    ],
    [
      0.9994614720344543,
      0.0005385268596000969
    ],
    [
      4.272160367690958e-07,
      0.9999995231628418
    ],
    [
      2.9032637838960484e-12,
      1.0
    ],
    [
      1.244588474946795e-06,
      0.9999988079071045
    ],
    [
      3.642168351903995e-16,
      1.0
    ],
    [
      0.9999942779541016,
      5.6635262808413245e-06
    ],
    [
      5.3274294697924773e-11,
      1.0
    ],
    [
      1.4367067535658862e-09,
      1.0
    ],
    [
      2.9722171052194135e-18,
      1.0
    ],
    [
      0.0011670297244563699,
      0.9988330006599426
    ],
    [
      0.9990589022636414,
      0.0009410976199433208
    ],
    [
      3.921738596091018e-07,
      0.9999996423721313
    ],
    [
      0.9999861717224121,
      1.3797786778013688e-05
    ],
    [
      1.5067120321581376e-14,
      1.0
    ],
    [
      0.9997079968452454,
      0.00029201694997027516
    ],
    [
      4.0001145841864205e-13,
      1.0
    ],
    [
      2.8948707040399313e-06,
      0.9999971389770508
    ],
    [
      2.2612733907578786e-10,
      1.0
    ],
    [
      0.9999630451202393,
      3.6899717088090256e-05
    ],
    [
      2.344733018855294e-10,
      1.0
    ],
    [
      1.838319860919535e-12,
      1.0
    ],
    [
      0.9996438026428223,
      0.00035621970891952515
    ],
    [
      6.710220077366102e-07,
      0.9999992847442627
    ],
    [
      4.0975447125275844e-17,
      1.0
    ],
    [
      1.3973843415726606e-08,
      1.0
    ],
    [
      1.244588474946795e-06,
      0.9999988079071045
    ],
    [
      1.0309207709724433e-06,
      0.999998927116394
    ],
    [
      0.996533989906311,
      0.003465960267931223
    ],
    [
      3.6242392980057048e-06,
      0.9999964237213135
    ],
    [
      9.183729208082545e-16,
      1.0
    ],
    [
      0.9999321699142456,
      6.785082223359495e-05
    ],
    [
      9.35351920699698e-14,
      1.0
    ],
    [
      1.3456075143025714e-09,
      1.0
    ],
    [
      8.570077660598446e-16,
      1.0
    ],
    [
      0.9890151619911194,
      0.010984892025589943
    ],
    [
      3.0742787657800363e-06,
      0.9999969005584717
    ],
    [
      0.9999994039535522,
      5.960526436865621e-07
    ],
    [
      0.9997100234031677,
      0.00028996559558436275
    ]
  ]
}