{
  "y_true": [
    1,
    1,
    1,
    0,
    0,
    0,
    0,
    1,
    1,
    1,
    1,
    1,
    1,
    0,
    0,
    1,
    1,
    0,
    0,
    0,
    1,
    0,
    0,
    1,
    0,
    0,
    1,
    1,
    1,
    1,
    1,
    1,
    1,
    0,
    1,
    1,
    0,
    1,
    0,
    0,
    1,
    0,
    1,
    1,
    1,
    1,
    0,
    1,
    1,
    1,
    0
  ],
  "y_pred": [
    1,
    1,
    1,
    1,
    0,
    0,
    0,
    1,
    1,
    1,
    1,
    1,
    1,
    0,
    0,
    0,
    1,
    0,
    0,
    0,
    1,
    0,
    0,
    1,
    0,
    0,
    1,
    1,
    1,
    1,
    1,
    1,
    1,
    0,
    1,
    1,
    0,
    1,
    0,
    0,
    1,
    1,
    1,
    1,
    0,
    1,
    0,
    1,
    1,
    1,
    1
  ],
  "y_probs": [
    [
      0.06991562247276306,
      0.9300844073295593
    ],
    [
      0.01590833254158497,
      0.9840916991233826
    ],
    [
      0.12253782153129578,
      0.8774622082710266
    ],
    [
      0.062192898243665695,
      0.9378071427345276
    ],
    [
      0.9973446726799011,
      0.002655323827639222
    ],
    [
      0.9988318085670471,
      0.0011681652395054698
    ],
    [
      0.996978759765625,
      0.003021258395165205
    ],
    [
      0.23992018401622772,
      0.7600798010826111
    ],
    [
      0.00014437313075177372,
      0.999855637550354
    ],
    [
      0.0002214003325207159,
      0.9997785687446594
    ],
    [
      0.003953746519982815,
      0.996046245098114
    ],
    [
      0.012469126842916012,
      0.9875308871269226
    ],
    [
      0.0016111102886497974,
      0.9983888864517212
    ],
    [
      0.9979216456413269,
      0.0020784223452210426
    ],
    [
      0.9611002802848816,
      0.038899779319763184
    ],
    [
      0.7879385948181152,
      0.21206139028072357
    ],
    [
      0.00034945711377076805,
      0.9996505975723267
    ],
    [
      0.9793437719345093,
      0.02065623179078102
    ],
    [
      0.8672158122062683,
      0.13278424739837646
    ],
    [
      0.9999624490737915,
      3.7538091419264674e-05
    ],
    [
      0.01077444851398468,
      0.9892255663871765
    ],
    [
      0.9999498128890991,
      5.015008355258033e-05
    ],
    [
      0.9974029660224915,
      0.002597006969153881
    ],
    [
      0.010302998125553131,
      0.9896969199180603
    ],
    [
      0.9993914365768433,
      0.0006085307686589658
    ],
    [
      0.9772950410842896,
      0.0227049570530653
    ],
    [
      1.9321812942507677e-05,
      0.9999806880950928
    ],
    [
      1.8436612663208507e-06,
      0.9999982118606567
    ],
    [
      0.00014437313075177372,
      0.999855637550354
    ],
    [
      0.00179487734567374,
      0.9982050657272339
    ],
    [
      0.0015135681023821235,
      0.9984863996505737
    ],
    [
      6.109216337790713e-05,
      0.9999388456344604
    ],
    [
      3.962415892090881e-15,
      1.0
    ],
    [
      0.9999969005584717,
      3.110493707936257e-06
    ],
    [
      0.0005255996366031468,
      0.9994744658470154
    ],
    [
      0.0056916032917797565,
      0.9943084120750427
    ],
    [
      0.9992172718048096,
      0.0007827698718756437
    ],
    [
      1.9226627401280894e-08,
      1.0
    ],
    [
      0.9981194138526917,
      0.0018805796280503273
    ],
    [
      0.8848633170127869,
      0.11513661593198776
    ],
    [
      1.3323352504812647e-05,
      0.9999866485595703
    ],
    [
      0.07436744123697281,
      0.9256325364112854
    ],
    [
      3.4522270198067417e-06,
      0.999996542930603
    ],
    [
      9.674553211880266e-07,
      0.9999990463256836
    ],
    [
      0.9406927824020386,
      0.05930725485086441
    ],
    [
      0.002571117365732789,
      0.997428834438324
    ],
    [
      0.9998171925544739,
      0.0001827995729399845
    ],
    [
      0.008350403048098087,
      0.9916496276855469
    ],
    [
      0.0021403979044407606,
      0.9978596568107605
    ],
    [
      4.8838201109902e-06,
      0.9999951124191284
    ],
    [
      0.00012959809100721031,
      0.9998704195022583
    ]
  ]
}