{
  "y_true": [
    0,
    1,
    1,
    1,
    0,
    1,
    1,
    1,
    0,
    1,
    0,
    1,
    0,
    1,
    1,
    1,
    0,
    1,
    0,
    0,
    0,
    1,
    0,
    1,
    1,
    1,
    1,
    1,
    1,
    1,
    0,
    0,
    0,
    1,
    0,
    0,
    1,
    1,
    1,
    0,
    1,
    0,
    0,
    1,
    1,
    1,
    1,
    0,
    1,
    1,
    0
  ],
  "y_pred": [
    0,
    1,
    0,
    1,
    0,
    0,
    1,
    0,
    0,
    1,
    1,
    1,
    0,
    1,
    1,
    1,
    0,
    1,
    0,
    0,
    0,
    0,
    0,
    1,
    0,
    1,
    1,
    1,
    1,
    1,
    0,
    1,
    0,
    1,
    0,
    0,
    1,
    1,
    1,
    0,
    1,
    0,
    0,
    1,
    1,
    1,
    1,
    0,
    1,
    0,
    0
  ],
  "y_probs": [
    [
      0.7006382346153259,
      0.2993617355823517
    ],
    [
      0.05054555833339691,
      0.9494544863700867
    ],
    [
      0.8995018005371094,
      0.10049820691347122
    ],
    [
      0.00010738652781583369,
      0.9998925924301147
    ],
    [
      0.9631624817848206,
      0.036837514489889145
    ],
    [
      0.7558075189590454,
      0.2441924512386322
    ],
    [
      0.251254141330719,
      0.748745858669281
    ],
    [
      0.9480806589126587,
      0.0519193671643734
    ],
    [
      0.9266072511672974,
      0.07339268922805786
    ],
    [
      0.0024269013665616512,
      0.9975730776786804
    ],
    [
      0.25395768880844116,
      0.7460423111915588
    ],
    [
      0.3292686641216278,
      0.6707313060760498
    ],
    [
      0.9810294508934021,
      0.018970618024468422
    ],
    [
      0.03982654586434364,
      0.9601734280586243
    ],
    [
      0.0002731460554059595,
      0.9997268319129944
    ],
    [
      0.005370161030441523,
      0.9946298599243164
    ],
    [
      0.9598662257194519,
      0.04013371095061302
    ],
    [
      0.003800279926508665,
      0.9961996674537659
    ],
    [
      0.9839861392974854,
      0.016013864427804947
    ],
    [
      0.8879473209381104,
      0.11205267161130905
    ],
    [
      0.9855037331581116,
      0.014496228657662868
    ],
    [
      0.7868543863296509,
      0.21314562857151031
    ],
    [
      0.9689542651176453,
      0.031045759096741676
    ],
    [
      0.002721278928220272,
      0.9972787499427795
    ],
    [
      0.8329243063926697,
      0.1670757234096527
    ],
    [
      0.0009117233566939831,
      0.9990882873535156
    ],
    [
      0.07369157671928406,
      0.9263083934783936
    ],
    [
      0.1662268191576004,
      0.8337731957435608
    ],
    [
      0.04446428269147873,
      0.9555357098579407
    ],
    [
      0.039446715265512466,
      0.9605532884597778
    ],
    [
      0.9919579029083252,
      0.008042160421609879
    ],
    [
      0.02150687389075756,
      0.9784931540489197
    ],
    [
      0.9944664835929871,
      0.0055335029028356075
    ],
    [
      0.1829555630683899,
      0.8170443773269653
    ],
    [
      0.9846998453140259,
      0.015300087630748749
    ],
    [
      0.9322367310523987,
      0.06776324659585953
    ],
    [
      0.0004133091715630144,
      0.9995866417884827
    ],
    [
      0.0024269013665616512,
      0.9975730776786804
    ],
    [
      0.0016765623586252332,
      0.998323380947113
    ],
    [
      0.9515719413757324,
      0.04842810332775116
    ],
    [
      0.009978270158171654,
      0.9900217652320862
    ],
    [
      0.9217865467071533,
      0.0782134160399437
    ],
    [
      0.9951700568199158,
      0.004829923156648874
    ],
    [
      0.007387431338429451,
      0.9926126003265381
    ],
    [
      0.004761473275721073,
      0.9952385425567627
    ],
    [
      0.02135876752436161,
      0.9786412119865417
    ],
    [
      0.3519301414489746,
      0.6480697989463806
    ],
    [
      0.9660142660140991,
      0.03398570790886879
    ],
    [
      0.014327505603432655,
      0.9856724739074707
    ],
    [
      0.6706668734550476,
      0.3293331265449524
    ],
    [
      0.9789085388183594,
      0.021091407164931297
    ]
  ]
}