{
  "y_true": [
    0,
    1,
    0,
    1,
    1,
    0,
    1,
    1,
    0,
    0,
    0,
    0,
    0,
    0,
    0,
    0,
    1,
    1,
    0,
    1,
    1,
    1,
    1,
    1,
    1,
    1,
    1,
    0,
    0,
    1,
    1,
    1,
    0,
    0,
    0,
    1,
    0,
    1,
    0,
    1,
    1,
    1,
    1,
    1,
    1,
    0,
    0,
    0,
    1,
    0,
    1,
    0,
    0,
    1,
    0,
    1,
    1,
    1,
    1,
    1,
    1,
    1,
    1,
    0,
    1,
    0,
    1,
    0,
    1,
    1,
    1,
    1,
    1,
    0,
    1,
    1,
    1,
    1,
    0,
    1,
    0,
    1,
    1,
    0,
    1,
    0,
    0,
    0,
    1,
    1,
    1
  ],
  "y_pred": [
    0,
    1,
    0,
    1,
    1,
    0,
    1,
    1,
    0,
    0,
    0,
    1,
    0,
    1,
    0,
    0,
    1,
    1,
    0,
    1,
    1,
    1,
    1,
    1,
    0,
    1,
    1,
    0,
    0,
    1,
    1,
    1,
    0,
    1,
    0,
    1,
    0,
    1,
    0,
    1,
    1,
    0,
    1,
    0,
    1,
    0,
    0,
    0,
    1,
    0,
    1,
    0,
    0,
    1,
    0,
    1,
    1,
    1,
    1,
    1,
    1,
    1,
    1,
    0,
    1,
    0,
    1,
    0,
    1,
    1,
    1,
    1,
    1,
    0,
    1,
    1,
    1,
    1,
    0,
    1,
    0,
    1,
    1,
    1,
    1,
    0,
    0,
    0,
    1,
    1,
    1
  ],
  "y_probs": [
    [
      0.8526394367218018,
      0.14736048877239227
    ],
    [
      0.16458578407764435,
      0.8354142308235168
    ],
    [
      0.9827547669410706,
      0.017245225608348846
    ],
    [
      0.0140324542298913,
      0.9859675765037537
    ],
    [
      0.02942953258752823,
      0.9705705046653748
    ],
    [
      0.9937566518783569,
      0.0062433951534330845
    ],
    [
      0.03097859025001526,
      0.9690213799476624
    ],
    [
      0.012228792533278465,
      0.9877711534500122
    ],
    [
      0.9371899366378784,
      0.06281010806560516
    ],
    [
      0.93760085105896,
      0.06239910051226616
    ],
    [
      0.8579984307289124,
      0.14200150966644287
    ],
    [
      0.3178904354572296,
      0.6821095943450928
    ],
    [
      0.9782779216766357,
      0.02172202244400978
    ],
    [
      0.3984645903110504,
      0.6015353798866272
    ],
    [
      0.9607695937156677,
      0.039230406284332275
    ],
    [
      0.6363372802734375,
      0.3636626601219177
    ],
    [
      0.1327955275774002,
      0.867204487323761
    ],
    [
      0.09734576940536499,
      0.9026542901992798
    ],
    [
      0.6729194521903992,
      0.32708051800727844
    ],
    [
      0.09959547221660614,
      0.9004045128822327
    ],
    [
      0.01613857038319111,
      0.9838613867759705
    ],
    [
      0.3285090923309326,
      0.6714909076690674
    ],
    [
      0.06642252206802368,
      0.9335774779319763
    ],
    [
      0.03411319479346275,
      0.9658867716789246
    ],
    [
      0.59896320104599,
      0.4010368287563324
    ],
    [
      0.03761309012770653,
      0.9623869061470032
    ],
    [
      0.05970096215605736,
      0.9402990341186523
    ],
    [
      0.5918952226638794,
      0.4081047773361206
    ],
    [
      0.9607695937156677,
      0.039230406284332275
    ],
    [
      0.05100931227207184,
      0.9489907026290894
    ],
    [
      0.17330177128314972,
      0.8266982436180115
    ],
    [
      0.28305065631866455,
      0.7169493436813354
    ],
    [
      0.6626091599464417,
      0.33739081025123596
    ],
    [
      0.05724797770380974,
      0.942751944065094
    ],
    [
      0.8652649521827698,
      0.13473504781723022
    ],
    [
      0.006510956212878227,
      0.9934890270233154
    ],
    [
      0.9117386937141418,
      0.08826127648353577
    ],
    [
      0.23063623905181885,
      0.7693637609481812
    ],
    [
      0.7799591422080994,
      0.22004082798957825
    ],
    [
      0.004563563968986273,
      0.9954364895820618
    ],
    [
      0.04354732111096382,
      0.9564526081085205
    ],
    [
      0.5077277421951294,
      0.4922722280025482
    ],
    [
      0.15606100857257843,
      0.8439390063285828
    ],
    [
      0.906537652015686,
      0.09346231818199158
    ],
    [
      0.004932809621095657,
      0.9950671195983887
    ],
    [
      0.7028710246086121,
      0.2971290051937103
    ],
    [
      0.9868710041046143,
      0.013129028491675854
    ],
    [
      0.9868710041046143,
      0.013129028491675854
    ],
    [
      0.47354599833488464,
      0.526453971862793
    ],
    [
      0.9259937405586243,
      0.07400623708963394
    ],
    [
      0.02100682258605957,
      0.9789931774139404
    ],
    [
      0.9401646852493286,
      0.059835284948349
    ],
    [
      0.9797659516334534,
      0.02023407816886902
    ],
    [
      0.1723434031009674,
      0.8276565670967102
    ],
    [
      0.807151198387146,
      0.19284872710704803
    ],
    [
      0.20617178082466125,
      0.7938281893730164
    ],
    [
      0.2960822284221649,
      0.7039178013801575
    ],
    [
      0.14825740456581116,
      0.8517426252365112
    ],
    [
      0.019330069422721863,
      0.9806698560714722
    ],
    [
      0.40549033880233765,
      0.5945096611976624
    ],
    [
      0.004932809621095657,
      0.9950671195983887
    ],
    [
      0.0036495570093393326,
      0.9963504076004028
    ],
    [
      0.12931524217128754,
      0.8706847429275513
    ],
    [
      0.9584209322929382,
      0.04157904163002968
    ],
    [
      0.1716984510421753,
      0.8283015489578247
    ],
    [
      0.9786034226417542,
      0.021396571770310402
    ],
    [
      0.36191388964653015,
      0.6380861401557922
    ],
    [
      0.9602854251861572,
      0.03971460461616516
    ],
    [
      0.16406191885471344,
      0.8359380960464478
    ],
    [
      0.012228792533278465,
      0.9877711534500122
    ],
    [
      0.13740777969360352,
      0.8625921607017517
    ],
    [
      0.16233420372009277,
      0.8376657962799072
    ],
    [
      0.034055378288030624,
      0.9659446477890015
    ],
    [
      0.7519408464431763,
      0.24805915355682373
    ],
    [
      0.39986056089401245,
      0.6001394391059875
    ],
    [
      0.04721491038799286,
      0.9527851343154907
    ],
    [
      0.10735847055912018,
      0.892641544342041
    ],
    [
      0.10540255159139633,
      0.8945974707603455
    ],
    [
      0.9763936400413513,
      0.023606304079294205
    ],
    [
      0.09395403414964676,
      0.9060460329055786
    ],
    [
      0.8968267440795898,
      0.10317329317331314
    ],
    [
      0.02359105460345745,
      0.9764088988304138
    ],
    [
      0.16129373013973236,
      0.8387063145637512
    ],
    [
      0.4613536596298218,
      0.5386463403701782
    ],
    [
      0.07040060311555862,
      0.9295993447303772
    ],
    [
      0.75194251537323,
      0.2480575144290924
    ],
    [
      0.9786035418510437,
      0.021396437659859657
    ],
    [
      0.9496456980705261,
      0.05035426840186119
    ],
    [
      0.07548782229423523,
      0.9245121479034424
    ],
    [
      0.4057064354419708,
      0.5942935347557068
    ],
    [
      0.016138562932610512,
      0.9838613867759705
    ]
  ]
}