{
  "y_true": [
    1,
    0,
    1,
    0,
    0,
    1,
    0,
    0,
    0,
    1,
    0,
    0,
    1,
    0,
    1,
    0,
    1,
    1,
    0,
    1,
    1,
    1,
    1,
    1,
    0,
    1,
    1,
    0,
    1,
    0,
    1,
    0,
    1,
    1,
    1,
    0,
    0,
    1,
    1,
    1,
    0,
    1,
    1,
    1,
    0,
    1,
    0,
    1,
    1,
    1,
    1
  ],
  "y_pred": [
    1,
    0,
    0,
    1,
    1,
    1,
    0,
    0,
    0,
    1,
    0,
    0,
    1,
    0,
    0,
    0,
    1,
    1,
    0,
    1,
    1,
    1,
    1,
    1,
    0,
    1,
    1,
    0,
    1,
    1,
    1,
    0,
    1,
    1,
    0,
    0,
    0,
    1,
    1,
    1,
    0,
    1,
    1,
    1,
    0,
    1,
    0,
    1,
    0,
    1,
    1
  ],
  "y_probs": [
    [
      0.002659271936863661,
      0.997340738773346
    ],
    [
      0.9795554280281067,
      0.020444586873054504
    ],
    [
      0.6287748217582703,
      0.37122517824172974
    ],
    [
      0.1149451956152916,
      0.8850548267364502
    ],
    [
      0.2674657106399536,
      0.7325343489646912
    ],
    [
      0.00568999582901597,
      0.9943100214004517
    ],
    [
      0.9607059955596924,
      0.039293982088565826
    ],
    [
      0.8932257294654846,
      0.106774240732193
    ],
    [
      0.9963305592536926,
      0.003669450059533119
    ],
    [
      0.0009464001632295549,
      0.9990536570549011
    ],
    [
      0.8971693515777588,
      0.10283065587282181
    ],
    [
      0.9963974356651306,
      0.0036026150919497013
    ],
    [
      0.06019062176346779,
      0.9398093819618225
    ],
    [
      0.9855098724365234,
      0.014490091241896152
    ],
    [
      0.6623859405517578,
      0.3376139998435974
    ],
    [
      0.9721245765686035,
      0.027875380590558052
    ],
    [
      4.2028848838526756e-05,
      0.9999579191207886
    ],
    [
      0.00407439237460494,
      0.9959256649017334
    ],
    [
      0.9639596343040466,
      0.036040373146533966
    ],
    [
      0.03158680722117424,
      0.9684131741523743
    ],
    [
      0.3141769468784332,
      0.6858230233192444
    ],
    [
      0.0011456285137683153,
      0.998854398727417
    ],
    [
      0.0010824997443705797,
      0.9989174604415894
    ],
    [
      0.0002179426228394732,
      0.9997820258140564
    ],
    [
      0.997541069984436,
      0.002458937931805849
    ],
    [
      0.0009464001632295549,
      0.9990536570549011
    ],
    [
      0.0019288687035441399,
      0.9980711340904236
    ],
    [
      0.9291856288909912,
      0.07081431895494461
    ],
    [
      0.04380865767598152,
      0.9561913013458252
    ],
    [
      0.00047768649528734386,
      0.99952232837677
    ],
    [
      5.7933106290875e-05,
      0.9999420642852783
    ],
    [
      0.7358586192131042,
      0.26414141058921814
    ],
    [
      0.028687400743365288,
      0.9713125824928284
    ],
    [
      0.00020717826555483043,
      0.9997928738594055
    ],
    [
      0.5758606195449829,
      0.4241393804550171
    ],
    [
      0.9938265681266785,
      0.006173460744321346
    ],
    [
      0.9981063604354858,
      0.001893624197691679
    ],
    [
      0.11320073157548904,
      0.8867993354797363
    ],
    [
      0.003161559347063303,
      0.9968384504318237
    ],
    [
      0.018119817599654198,
      0.9818801879882812
    ],
    [
      0.9986010193824768,
      0.001398951979354024
    ],
    [
      0.004791238810867071,
      0.9952087998390198
    ],
    [
      0.00035436011967249215,
      0.9996455907821655
    ],
    [
      0.0029913708567619324,
      0.9970086216926575
    ],
    [
      0.9819820523262024,
      0.018017975613474846
    ],
    [
      0.0032993112690746784,
      0.9967007040977478
    ],
    [
      0.9802373051643372,
      0.01976267248392105
    ],
    [
      0.031569428741931915,
      0.9684306383132935
    ],
    [
      0.9406591057777405,
      0.059340838342905045
    ],
    [
      0.013387292623519897,
      0.9866126775741577
    ],
    [
      8.397009514737874e-05,
      0.9999160766601562
    ]
  ]
}