{
  "y_true": [
    1,
    1,
    1,
    1,
    1,
    0,
    0,
    1,
    1,
    1,
    0,
    0,
    0,
    0,
    1,
    0,
    0,
    0,
    0,
    0,
    1,
    0,
    1,
    1,
    1,
    0,
    0,
    1,
    1,
    0,
    1,
    0,
    1,
    0,
    1,
    1,
    0,
    1,
    1,
    1,
    1,
    1,
    1,
    1,
    1,
    1,
    1,
    0,
    1,
    1,
    0
  ],
  "y_pred": [
    1,
    1,
    1,
    1,
    1,
    0,
    0,
    1,
    1,
    1,
    0,
    0,
    0,
    1,
    1,
    0,
    0,
    0,
    0,
    0,
    1,
    0,
    1,
    1,
    1,
    0,
    0,
    1,
    1,
    1,
    0,
    1,
    0,
    0,
    1,
    1,
    0,
    1,
    1,
    1,
    1,
    1,
    0,
    1,
    1,
    1,
    1,
    0,
    1,
    1,
    0
  ],
  "y_probs": [
    [
      0.09412859380245209,
      0.9058713912963867
    ],
    [
      0.0018349357414990664,
      0.9981650710105896
    ],
    [
      0.0014482904225587845,
      0.9985516667366028
    ],
    [
      0.009112254716455936,
      0.9908877611160278
    ],
    [
      0.22119295597076416,
      0.7788070440292358
    ],
    [
      0.9595694541931152,
      0.04043058305978775
    ],
    [
      0.9950193166732788,
      0.004980670288205147
    ],
    [
      0.008812258020043373,
      0.9911876916885376
    ],
    [
      0.30098211765289307,
      0.6990178823471069
    ],
    [
      0.016211669892072678,
      0.9837883710861206
    ],
    [
      0.9656388759613037,
      0.034361135214567184
    ],
    [
      0.9977236390113831,
      0.0022763058077543974
    ],
    [
      0.9808235168457031,
      0.019176477566361427
    ],
    [
      0.02884845621883869,
      0.9711515307426453
    ],
    [
      0.010479157790541649,
      0.9895209074020386
    ],
    [
      0.8350851535797119,
      0.16491487622261047
    ],
    [
      0.7980971932411194,
      0.20190280675888062
    ],
    [
      0.7891504764556885,
      0.21084947884082794
    ],
    [
      0.9782015085220337,
      0.021798476576805115
    ],
    [
      0.9926901459693909,
      0.007309808861464262
    ],
    [
      0.0065972828306257725,
      0.9934026598930359
    ],
    [
      0.9434708952903748,
      0.05652916431427002
    ],
    [
      0.023624062538146973,
      0.976375937461853
    ],
    [
      0.39015913009643555,
      0.6098408699035645
    ],
    [
      0.08896093815565109,
      0.9110390543937683
    ],
    [
      0.9741979241371155,
      0.025802120566368103
    ],
    [
      0.9710044264793396,
      0.028995582833886147
    ],
    [
      0.004640836734324694,
      0.9953591227531433
    ],
    [
      0.11415218561887741,
      0.8858478665351868
    ],
    [
      0.016472607851028442,
      0.9835273623466492
    ],
    [
      0.6220489144325256,
      0.37795111536979675
    ],
    [
      0.3616847097873688,
      0.6383152604103088
    ],
    [
      0.9999878406524658,
      1.2155964213889092e-05
    ],
    [
      0.8874109387397766,
      0.1125890463590622
    ],
    [
      0.01532332506030798,
      0.9846766591072083
    ],
    [
      0.09436088800430298,
      0.905639111995697
    ],
    [
      0.9958776235580444,
      0.004122335463762283
    ],
    [
      0.1277541220188141,
      0.8722458481788635
    ],
    [
      0.057711150497198105,
      0.942288875579834
    ],
    [
      0.01532332506030798,
      0.9846766591072083
    ],
    [
      0.010760313831269741,
      0.9892396926879883
    ],
    [
      0.03966173902153969,
      0.960338294506073
    ],
    [
      0.6356261372566223,
      0.3643738627433777
    ],
    [
      0.060431282967329025,
      0.9395687580108643
    ],
    [
      0.011220739223062992,
      0.9887791872024536
    ],
    [
      0.08536568284034729,
      0.9146343469619751
    ],
    [
      0.18731334805488586,
      0.8126866221427917
    ],
    [
      0.9834036231040955,
      0.016596416011452675
    ],
    [
      0.4213889539241791,
      0.5786110162734985
    ],
    [
      0.09167078137397766,
      0.9083291888237
    ],
    [
      0.7094448804855347,
      0.29055508971214294
    ]
  ]
}