{
  "y_true": [
    0,
    0,
    1,
    1,
    1,
    0,
    1,
    1,
    0,
    1,
    1,
    1,
    0,
    1,
    0,
    1,
    1,
    1,
    0,
    0,
    1,
    1,
    0,
    0,
    0,
    1,
    0,
    1,
    0,
    1,
    1,
    1,
    1,
    0,
    0,
    1,
    0,
    1,
    1,
    0,
    0,
    0,
    1,
    1,
    1,
    1,
    0,
    1,
    1,
    1,
    1
  ],
  "y_pred": [
    0,
    0,
    1,
    0,
    1,
    1,
    1,
    1,
    0,
    1,
    1,
    1,
    0,
    1,
    0,
    1,
    0,
    1,
    1,
    0,
    1,
    1,
    0,
    0,
    0,
    1,
    0,
    1,
    0,
    1,
    0,
    1,
    1,
    0,
    0,
    1,
    0,
    1,
    0,
    0,
    0,
    0,
    1,
    1,
    1,
    1,
    1,
    0,
    1,
    1,
    1
  ],
  "y_probs": [
    [
      0.7439184188842773,
      0.25608158111572266
    ],
    [
      0.991497814655304,
      0.008502214215695858
    ],
    [
      2.832782411132939e-05,
      0.9999716281890869
    ],
    [
      0.7802562713623047,
      0.21974369883537292
    ],
    [
      0.004088638350367546,
      0.9959113597869873
    ],
    [
      0.13608181476593018,
      0.8639182448387146
    ],
    [
      0.002000504871830344,
      0.9979994893074036
    ],
    [
      0.040693797171115875,
      0.9593061804771423
    ],
    [
      0.9892557859420776,
      0.010744266211986542
    ],
    [
      0.0029972430784255266,
      0.9970027804374695
    ],
    [
      0.0028950900305062532,
      0.9971049427986145
    ],
    [
      0.053889479488134384,
      0.9461105465888977
    ],
    [
      0.9373912215232849,
      0.06260880082845688
    ],
    [
      7.935472240205854e-06,
      0.9999920129776001
    ],
    [
      0.9916640520095825,
      0.008336007595062256
    ],
    [
      0.0003051638195756823,
      0.99969482421875
    ],
    [
      0.6219239234924316,
      0.37807607650756836
    ],
    [
      0.016985787078738213,
      0.9830142259597778
    ],
    [
      0.4955355226993561,
      0.5044644474983215
    ],
    [
      0.9912556409835815,
      0.008744346909224987
    ],
    [
      0.016948755830526352,
      0.9830512404441833
    ],
    [
      0.20739644765853882,
      0.792603611946106
    ],
    [
      0.982012927532196,
      0.017987018451094627
    ],
    [
      0.9656816720962524,
      0.03431835398077965
    ],
    [
      0.9973105192184448,
      0.002689537825062871
    ],
    [
      0.34434717893600464,
      0.6556527614593506
    ],
    [
      0.9943882822990417,
      0.0056117018684744835
    ],
    [
      2.8815704354201443e-05,
      0.9999711513519287
    ],
    [
      0.9947370886802673,
      0.0052629089914262295
    ],
    [
      0.010696866549551487,
      0.9893031120300293
    ],
    [
      0.6952825784683228,
      0.30471736192703247
    ],
    [
      0.07009781152009964,
      0.9299022555351257
    ],
    [
      0.10003975033760071,
      0.8999602794647217
    ],
    [
      0.9844124913215637,
      0.015587509609758854
    ],
    [
      0.9178332090377808,
      0.08216680586338043
    ],
    [
      0.001965323695912957,
      0.998034656047821
    ],
    [
      0.7917063236236572,
      0.20829372107982635
    ],
    [
      0.01420948188751936,
      0.985790491104126
    ],
    [
      0.6094350814819336,
      0.390564888715744
    ],
    [
      0.997439980506897,
      0.0025600208900868893
    ],
    [
      0.9832030534744263,
      0.01679696887731552
    ],
    [
      0.9666373133659363,
      0.03336266428232193
    ],
    [
      0.0002776595647446811,
      0.9997223019599915
    ],
    [
      0.015066259540617466,
      0.9849337935447693
    ],
    [
      0.004116769414395094,
      0.9958832263946533
    ],
    [
      0.14034703373908997,
      0.8596529960632324
    ],
    [
      0.019467158243060112,
      0.9805328845977783
    ],
    [
      0.8816908001899719,
      0.11830922216176987
    ],
    [
      0.0019653066992759705,
      0.998034656047821
    ],
    [
      0.14034099876880646,
      0.8596590757369995
    ],
    [
      1.9840972527163103e-05,
      0.9999802112579346
    ]
  ]
}