{
  "y_true": [
    1,
    1,
    1,
    0,
    1,
    1,
    1,
    1,
    1,
    0,
    0,
    0,
    0,
    1,
    1,
    1,
    1,
    1,
    0,
    1,
    1,
    1,
    0,
    1,
    1,
    1,
    0,
    1,
    0,
    1,
    1,
    1,
    1,
    1,
    0,
    0,
    0,
    0,
    0,
    1,
    1,
    1,
    1,
    0,
    1,
    0,
    0,
    0,
    1,
    0,
    0
  ],
  "y_pred": [
    1,
    1,
    1,
    0,
    1,
    1,
    1,
    1,
    1,
    0,
    0,
    0,
    0,
    1,
    1,
    1,
    1,
    1,
    0,
    1,
    1,
    1,
    0,
    1,
    1,
    1,
    0,
    1,
    0,
    1,
    1,
    1,
    1,
    1,
    0,
    0,
    0,
    0,
    0,
    1,
    1,
    1,
    1,
    1,
    1,
    0,
    0,
    0,
    1,
    1,
    1
  ],
  "y_probs": [
    [
      1.6917931944249176e-08,
      1.0
    ],
    [
      7.52839196138666e-06,
      0.9999924898147583
    ],
    [
      2.0169282518734403e-16,
      1.0
    ],
    [
      0.9719201922416687,
      0.028079772368073463
    ],
    [
      1.0132353844838349e-09,
      1.0
    ],
    [
      1.661321334722743e-06,
      0.9999983310699463
    ],
    [
      9.522958777097301e-08,
      0.9999998807907104
    ],
    [
      1.1776450040829056e-12,
      1.0
    ],
    [
      0.02251030132174492,
      0.9774896502494812
    ],
    [
      0.9998482465744019,
      0.00015175103908404708
    ],
    [
      0.9999991655349731,
      8.203189167943492e-07
    ],
    [
      0.9999973773956299,
      2.5773633751668967e-06
    ],
    [
      0.9999929666519165,
      7.043874575174414e-06
    ],
    [
      3.156938532811182e-07,
      0.9999996423721313
    ],
    [
      1.1121972890186169e-13,
      1.0
    ],
    [
      6.16811823839214e-10,
      1.0
    ],
    [
      6.803898027938574e-15,
      1.0
    ],
    [
      1.190144848806085e-05,
      0.9999880790710449
    ],
    [
      1.0,
      5.97179194983255e-10
    ],
    [
      3.479484803392552e-05,
      0.9999651908874512
    ],
    [
      1.156175932770509e-09,
      1.0
    ],
    [
      4.6627805783128196e-11,
      1.0
    ],
    [
      0.9998190999031067,
      0.00018087142962031066
    ],
    [
      6.7442471388352315e-18,
      1.0
    ],
    [
      2.313315554738904e-12,
      1.0
    ],
    [
      7.606642782320705e-08,
      0.9999998807907104
    ],
    [
      0.9999977350234985,
      2.2619844912696863e-06
    ],
    [
      1.371312919218326e-06,
      0.9999985694885254
    ],
    [
      0.9999747276306152,
      2.5264182113460265e-05
    ],
    [
      4.803614833746518e-18,
      1.0
    ],
    [
      5.3694588132202625e-05,
      0.9999463558197021
    ],
    [
      1.6906919928730973e-13,
      1.0
    ],
    [
      2.771802698389031e-13,
      1.0
    ],
    [
      1.0942622452603246e-07,
      0.9999998807907104
    ],
    [
      1.0,
      1.4963512651178235e-09
    ],
    [
      0.9999890327453613,
      1.0931834367511328e-05
    ],
    [
      0.999992847442627,
      7.161126177379629e-06
    ],
    [
      0.9999957084655762,
      4.324145720602246e-06
    ],
    [
      1.0,
      2.3355807954317243e-08
    ],
    [
      8.27942789739626e-14,
      1.0
    ],
    [
      0.006320537067949772,
      0.9936794638633728
    ],
    [
      3.850220110183239e-13,
      1.0
    ],
    [
      8.299590129689198e-17,
      1.0
    ],
    [
      1.5048698287500883e-08,
      1.0
    ],
    [
      3.850220110183239e-13,
      1.0
    ],
    [
      0.9999696016311646,
      3.0376679205801338e-05
    ],
    [
      0.7460418343544006,
      0.2539581060409546
    ],
    [
      0.9986057877540588,
      0.0013942236546427011
    ],
    [
      0.0006697067874483764,
      0.9993302822113037
    ],
    [
      0.19643117487430573,
      0.8035688400268555
    ],
    [
      9.870939809858617e-18,
      1.0
    ]
  ]
}