{
  "y_true": [
    1,
    1,
    0,
    0,
    0,
    0,
    1,
    0,
    1,
    1,
    0,
    0,
    0,
    1,
    1,
    1,
    0,
    1,
    1,
    0,
    0,
    0,
    0,
    1,
    1,
    1,
    0,
    0,
    1,
    0,
    1,
    0,
    1,
    1,
    1,
    1,
    1,
    0,
    1,
    1,
    1,
    1,
    1,
    1,
    0,
    0,
    1,
    1,
    1,
    1,
    1
  ],
  "y_pred": [
    1,
    0,
    0,
    0,
    0,
    0,
    1,
    0,
    1,
    1,
    1,
    0,
    0,
    1,
    1,
    1,
    1,
    1,
    1,
    0,
    0,
    0,
    0,
    1,
    1,
    1,
    0,
    1,
    0,
    0,
    1,
    1,
    1,
    1,
    1,
    0,
    1,
    0,
    1,
    1,
    1,
    1,
    0,
    1,
    0,
    0,
    0,
    1,
    0,
    1,
    0
  ],
  "y_probs": [
    [
      0.05567026883363724,
      0.9443297982215881
    ],
    [
      0.6447762250900269,
      0.35522377490997314
    ],
    [
      0.9724023938179016,
      0.027597570791840553
    ],
    [
      0.9021985530853271,
      0.09780146926641464
    ],
    [
      0.831954836845398,
      0.16804517805576324
    ],
    [
      0.8545445799827576,
      0.14545536041259766
    ],
    [
      0.20340265333652496,
      0.7965973019599915
    ],
    [
      0.9837929606437683,
      0.016206970438361168
    ],
    [
      0.4262317419052124,
      0.5737682580947876
    ],
    [
      0.10400282591581345,
      0.8959972262382507
    ],
    [
      0.22733107209205627,
      0.7726688981056213
    ],
    [
      0.9247310757637024,
      0.07526895403862
    ],
    [
      0.9553912281990051,
      0.044608794152736664
    ],
    [
      0.0320415161550045,
      0.9679585099220276
    ],
    [
      0.011079519055783749,
      0.9889205098152161
    ],
    [
      0.09549888968467712,
      0.9045010805130005
    ],
    [
      0.17793008685112,
      0.8220699429512024
    ],
    [
      0.11219887435436249,
      0.8878011107444763
    ],
    [
      0.00546761229634285,
      0.9945323467254639
    ],
    [
      0.9891366958618164,
      0.010863344185054302
    ],
    [
      0.9812225699424744,
      0.01877744495868683
    ],
    [
      0.9722267985343933,
      0.027773156762123108
    ],
    [
      0.6064333915710449,
      0.3935666084289551
    ],
    [
      0.1352754682302475,
      0.8647245168685913
    ],
    [
      0.0024819497484713793,
      0.9975180625915527
    ],
    [
      0.24936722218990326,
      0.7506327629089355
    ],
    [
      0.9846752285957336,
      0.015324736014008522
    ],
    [
      0.3721531927585602,
      0.6278468370437622
    ],
    [
      0.6620042324066162,
      0.3379957973957062
    ],
    [
      0.6667073369026184,
      0.333292692899704
    ],
    [
      0.05971847102046013,
      0.9402815699577332
    ],
    [
      0.00037901022005826235,
      0.9996209144592285
    ],
    [
      0.19902350008487701,
      0.8009765148162842
    ],
    [
      0.03536253422498703,
      0.9646374583244324
    ],
    [
      0.02342328056693077,
      0.9765766859054565
    ],
    [
      0.7371459007263184,
      0.26285406947135925
    ],
    [
      0.4850333034992218,
      0.5149667263031006
    ],
    [
      0.9087737798690796,
      0.09122619032859802
    ],
    [
      0.00546761229634285,
      0.9945323467254639
    ],
    [
      0.17110413312911987,
      0.8288958072662354
    ],
    [
      0.0024006126914173365,
      0.9975994229316711
    ],
    [
      0.02732645906507969,
      0.9726735353469849
    ],
    [
      0.7101680040359497,
      0.2898320257663727
    ],
    [
      0.012111260555684566,
      0.987888753414154
    ],
    [
      0.5059236288070679,
      0.49407637119293213
    ],
    [
      0.7508960366249084,
      0.24910400807857513
    ],
    [
      0.9817757606506348,
      0.01822427287697792
    ],
    [
      0.2972809672355652,
      0.7027190327644348
    ],
    [
      0.520185112953186,
      0.4798148572444916
    ],
    [
      0.30747419595718384,
      0.6925258040428162
    ],
    [
      0.8640168309211731,
      0.13598321378231049
    ]
  ]
}