{
  "y_true": [
    1,
    0,
    1,
    0,
    1,
    0,
    1,
    1,
    1,
    0,
    1,
    1,
    1,
    1,
    1,
    0,
    0,
    1,
    1,
    1,
    1,
    0,
    1,
    1,
    0,
    0,
    1,
    1,
    0,
    1,
    0,
    1,
    0,
    1,
    1,
    1,
    0,
    1,
    1,
    0,
    0,
    0,
    0,
    0,
    1,
    0,
    1,
    1,
    1,
    1,
    0
  ],
  "y_pred": [
    0,
    0,
    1,
    0,
    1,
    0,
    1,
    1,
    1,
    0,
    1,
    1,
    1,
    1,
    1,
    0,
    0,
    1,
    1,
    1,
    0,
    0,
    1,
    1,
    0,
    0,
    1,
    1,
    0,
    1,
    0,
    1,
    0,
    1,
    1,
    1,
    0,
    1,
    1,
    0,
    1,
    1,
    0,
    0,
    1,
    1,
    1,
    1,
    1,
    1,
    0
  ],
  "y_probs": [
    [
      0.7482419610023499,
      0.25175803899765015
    ],
    [
      0.7970812916755676,
      0.20291867852210999
    ],
    [
      0.01285598799586296,
      0.9871440529823303
    ],
    [
      0.8932485580444336,
      0.1067514643073082
    ],
    [
      0.15323150157928467,
      0.8467684984207153
    ],
    [
      0.9409487247467041,
      0.05905129760503769
    ],
    [
      0.4962221384048462,
      0.5037778615951538
    ],
    [
      0.02274390496313572,
      0.9772561192512512
    ],
    [
      0.16085058450698853,
      0.8391493558883667
    ],
    [
      0.9802119731903076,
      0.019788047298789024
    ],
    [
      0.07549295574426651,
      0.9245070219039917
    ],
    [
      0.022918038070201874,
      0.9770819544792175
    ],
    [
      0.2960864305496216,
      0.7039135098457336
    ],
    [
      0.08292721956968307,
      0.9170728325843811
    ],
    [
      0.32955485582351685,
      0.6704451441764832
    ],
    [
      0.9948903322219849,
      0.0051096598617732525
    ],
    [
      0.9110445976257324,
      0.08895540982484818
    ],
    [
      0.0005187871283851564,
      0.9994812607765198
    ],
    [
      0.0002094115479849279,
      0.999790608882904
    ],
    [
      0.4688393473625183,
      0.5311606526374817
    ],
    [
      0.5620274543762207,
      0.4379725158214569
    ],
    [
      0.6474663019180298,
      0.3525336682796478
    ],
    [
      0.05453908070921898,
      0.9454609751701355
    ],
    [
      0.06715370714664459,
      0.9328462481498718
    ],
    [
      0.9545231461524963,
      0.04547681659460068
    ],
    [
      0.60853511095047,
      0.39146488904953003
    ],
    [
      0.018356235697865486,
      0.9816437363624573
    ],
    [
      0.49197688698768616,
      0.5080230832099915
    ],
    [
      0.6666839122772217,
      0.33331602811813354
    ],
    [
      0.019809169694781303,
      0.9801908135414124
    ],
    [
      0.8752740621566772,
      0.12472593784332275
    ],
    [
      0.003386611584573984,
      0.9966134428977966
    ],
    [
      0.822251558303833,
      0.1777484267950058
    ],
    [
      0.4255340099334717,
      0.5744659304618835
    ],
    [
      0.1136210560798645,
      0.8863789439201355
    ],
    [
      0.003386611584573984,
      0.9966134428977966
    ],
    [
      0.9870506525039673,
      0.012949306517839432
    ],
    [
      0.03405304253101349,
      0.9659469723701477
    ],
    [
      0.0001500036451034248,
      0.9998499155044556
    ],
    [
      0.5850280523300171,
      0.4149719476699829
    ],
    [
      0.07830365747213364,
      0.9216963052749634
    ],
    [
      0.07872464507818222,
      0.9212753176689148
    ],
    [
      0.994978129863739,
      0.005021889228373766
    ],
    [
      0.9966816306114197,
      0.003318335860967636
    ],
    [
      0.0008088625036180019,
      0.9991911053657532
    ],
    [
      0.06248224526643753,
      0.9375177621841431
    ],
    [
      0.007906760089099407,
      0.9920932650566101
    ],
    [
      0.0005518347024917603,
      0.9994481205940247
    ],
    [
      0.00846570823341608,
      0.9915342926979065
    ],
    [
      0.27485761046409607,
      0.7251423597335815
    ],
    [
      0.5794306993484497,
      0.4205693304538727
    ]
  ]
}