{
  "y_true": [
    1,
    1,
    1,
    1,
    0,
    0,
    1,
    0,
    1,
    1,
    1,
    1,
    1,
    0,
    1,
    0,
    1,
    0,
    0,
    1,
    0,
    1,
    0,
    1,
    1,
    0,
    1,
    1,
    0,
    1,
    1,
    0,
    0,
    1,
    1,
    0,
    1,
    1,
    0,
    0,
    1,
    0,
    1,
    0,
    0,
    1,
    1,
    1,
    1,
    1,
    0
  ],
  "y_pred": [
    1,
    1,
    1,
    1,
    1,
    1,
    1,
    0,
    1,
    0,
    0,
    0,
    1,
    1,
    0,
    0,
    1,
    0,
    0,
    1,
    0,
    1,
    0,
    1,
    1,
    0,
    1,
    1,
    0,
    1,
    1,
    0,
    1,
    1,
    1,
    0,
    1,
    1,
    0,
    0,
    0,
    0,
    1,
    0,
    0,
    1,
    0,
    0,
    0,
    0,
    0
  ],
  "y_probs": [
    [
      0.1277315616607666,
      0.8722684383392334
    ],
    [
      0.39613422751426697,
      0.6038657426834106
    ],
    [
      0.0665680468082428,
      0.9334319233894348
    ],
    [
      0.03235495835542679,
      0.9676450490951538
    ],
    [
      0.15220637619495392,
      0.8477936387062073
    ],
    [
      0.41436755657196045,
      0.5856323838233948
    ],
    [
      0.054923005402088165,
      0.9450769424438477
    ],
    [
      0.9828379154205322,
      0.017162049189209938
    ],
    [
      0.08072040230035782,
      0.9192795753479004
    ],
    [
      0.5363278388977051,
      0.46367213129997253
    ],
    [
      0.6139619946479797,
      0.38603800535202026
    ],
    [
      0.698675811290741,
      0.30132415890693665
    ],
    [
      0.006636238191276789,
      0.9933637380599976
    ],
    [
      0.2133837789297104,
      0.7866162657737732
    ],
    [
      0.9266242384910583,
      0.07337572425603867
    ],
    [
      0.8444399237632751,
      0.15556004643440247
    ],
    [
      0.13610528409481049,
      0.8638947606086731
    ],
    [
      0.5371220111846924,
      0.4628780484199524
    ],
    [
      0.9578559994697571,
      0.04214402660727501
    ],
    [
      0.01629623956978321,
      0.9837037920951843
    ],
    [
      0.6843820810317993,
      0.31561794877052307
    ],
    [
      0.00557288620620966,
      0.9944270849227905
    ],
    [
      0.9700289964675903,
      0.029971010982990265
    ],
    [
      0.21527668833732605,
      0.7847233414649963
    ],
    [
      0.03156494349241257,
      0.9684351086616516
    ],
    [
      0.8045218586921692,
      0.19547812640666962
    ],
    [
      0.01635589264333248,
      0.9836440682411194
    ],
    [
      0.00557288620620966,
      0.9944270849227905
    ],
    [
      0.6839678883552551,
      0.3160321116447449
    ],
    [
      0.18014438450336456,
      0.8198555707931519
    ],
    [
      0.01040345337241888,
      0.9895965456962585
    ],
    [
      0.9900791645050049,
      0.009920856915414333
    ],
    [
      0.000763910124078393,
      0.9992361068725586
    ],
    [
      0.19436314702033997,
      0.8056368231773376
    ],
    [
      0.08795103430747986,
      0.9120489954948425
    ],
    [
      0.9729521870613098,
      0.027047811076045036
    ],
    [
      0.39488375186920166,
      0.6051162481307983
    ],
    [
      0.051573753356933594,
      0.9484262466430664
    ],
    [
      0.923488974571228,
      0.07651104778051376
    ],
    [
      0.7132503390312195,
      0.2867496609687805
    ],
    [
      0.8787937164306641,
      0.12120629847049713
    ],
    [
      0.6952350735664368,
      0.30476489663124084
    ],
    [
      0.18832463026046753,
      0.8116753697395325
    ],
    [
      0.9581977128982544,
      0.041802309453487396
    ],
    [
      0.8134716153144836,
      0.18652839958667755
    ],
    [
      0.0018788047600537539,
      0.9981212019920349
    ],
    [
      0.5213474035263062,
      0.47865256667137146
    ],
    [
      0.9678561687469482,
      0.03214377164840698
    ],
    [
      0.7616819739341736,
      0.23831799626350403
    ],
    [
      0.5014999508857727,
      0.4984999895095825
    ],
    [
      0.9725622534751892,
      0.027437778189778328
    ]
  ]
}