{
  "y_true": [
    1,
    0,
    0,
    1,
    1,
    1,
    1,
    1,
    1,
    1,
    0,
    1,
    1,
    1,
    1,
    0,
    0,
    0,
    1,
    1,
    1,
    0,
    0,
    1,
    1,
    1,
    0,
    1,
    1,
    1,
    0,
    1,
    0,
    0,
    0,
    1,
    0,
    1,
    1,
    1,
    0,
    0,
    0,
    0,
    1,
    0,
    1,
    1,
    1,
    1,
    0
  ],
  "y_pred": [
    1,
    0,
    0,
    1,
    1,
    1,
    1,
    1,
    1,
    1,
    0,
    1,
    1,
    1,
    1,
    0,
    0,
    0,
    1,
    1,
    1,
    0,
    0,
    1,
    1,
    1,
    0,
    1,
    1,
    1,
    0,
    1,
    0,
    0,
    1,
    1,
    0,
    1,
    1,
    1,
    0,
    0,
    0,
    1,
    1,
    0,
    1,
    1,
    1,
    1,
    0
  ],
  "y_probs": [
    [
      0.10629551857709885,
      0.8937044739723206
    ],
    [
      0.9010764360427856,
      0.09892354905605316
    ],
    [
      0.9994390606880188,
      0.0005609727231785655
    ],
    [
      0.00015339542005676776,
      0.9998465776443481
    ],
    [
      7.303188340301858e-06,
      0.9999927282333374
    ],
    [
      0.0026280179154127836,
      0.9973719120025635
    ],
    [
      0.001185730448924005,
      0.9988143444061279
    ],
    [
      0.10711584985256195,
      0.8928841352462769
    ],
    [
      0.4842190146446228,
      0.515781044960022
    ],
    [
      0.004005671478807926,
      0.9959943294525146
    ],
    [
      0.9511114358901978,
      0.048888519406318665
    ],
    [
      1.539992666721446e-08,
      1.0
    ],
    [
      0.0006738086813129485,
      0.999326229095459
    ],
    [
      0.028281832113862038,
      0.9717181921005249
    ],
    [
      0.013020863756537437,
      0.9869791269302368
    ],
    [
      0.9955795407295227,
      0.0044204662553966045
    ],
    [
      0.9918455481529236,
      0.008154450915753841
    ],
    [
      0.7707573771476746,
      0.22924265265464783
    ],
    [
      0.0013598023215308785,
      0.998640239238739
    ],
    [
      0.04609657824039459,
      0.9539034366607666
    ],
    [
      0.005359843373298645,
      0.9946401715278625
    ],
    [
      0.9969291090965271,
      0.003070911392569542
    ],
    [
      0.972547709941864,
      0.027452275156974792
    ],
    [
      0.0009679463692009449,
      0.9990320205688477
    ],
    [
      0.0009679463692009449,
      0.9990320205688477
    ],
    [
      2.252581680295407e-06,
      0.9999977350234985
    ],
    [
      0.9870878458023071,
      0.01291218027472496
    ],
    [
      3.0136758141452447e-05,
      0.9999698400497437
    ],
    [
      0.009469267912209034,
      0.990530788898468
    ],
    [
      0.3419729471206665,
      0.6580270528793335
    ],
    [
      0.9983440637588501,
      0.0016559551004320383
    ],
    [
      0.05442812293767929,
      0.9455718994140625
    ],
    [
      0.9990160465240479,
      0.0009838930564001203
    ],
    [
      0.9945440292358398,
      0.005455990321934223
    ],
    [
      0.0004616613150574267,
      0.9995384216308594
    ],
    [
      0.007732965983450413,
      0.9922670722007751
    ],
    [
      0.8178412318229675,
      0.18215875327587128
    ],
    [
      0.0078002153895795345,
      0.9921998381614685
    ],
    [
      0.0010920250788331032,
      0.9989079236984253
    ],
    [
      0.00407160259783268,
      0.9959283471107483
    ],
    [
      0.9872703552246094,
      0.012729634530842304
    ],
    [
      0.9841518402099609,
      0.015848126262426376
    ],
    [
      0.9994800686836243,
      0.0005199020961299539
    ],
    [
      0.04044271633028984,
      0.959557294845581
    ],
    [
      0.001411690842360258,
      0.9985882639884949
    ],
    [
      0.8361995220184326,
      0.16380049288272858
    ],
    [
      0.00037847875501029193,
      0.9996215105056763
    ],
    [
      0.005337865091860294,
      0.9946621060371399
    ],
    [
      0.006792665459215641,
      0.9932072758674622
    ],
    [
      0.00039626346551813185,
      0.999603807926178
    ],
    [
      0.7541502714157104,
      0.24584972858428955
    ]
  ]
}