{
  "y_true": [
    0,
    1,
    0,
    1,
    0,
    1,
    1,
    1,
    1,
    1,
    1,
    0,
    1,
    1,
    1,
    1,
    1,
    1,
    1,
    0,
    0,
    0,
    1,
    0,
    1,
    0,
    1,
    0,
    1,
    1,
    1,
    1,
    1,
    0,
    0,
    1,
    0,
    1,
    0,
    1,
    1,
    0,
    0,
    0,
    1,
    0,
    1,
    1,
    0,
    0,
    1
  ],
  "y_pred": [
    1,
    0,
    1,
    1,
    0,
    1,
    1,
    1,
    1,
    1,
    1,
    0,
    1,
    1,
    1,
    1,
    1,
    1,
    1,
    0,
    0,
    0,
    1,
    1,
    1,
    0,
    1,
    1,
    1,
    1,
    1,
    1,
    1,
    1,
    0,
    1,
    0,
    1,
    0,
    1,
    1,
    1,
    0,
    1,
    1,
    1,
    1,
    1,
    0,
    0,
    1
  ],
  "y_probs": [
    [
      2.138371655746596e-06,
      0.9999978542327881
    ],
    [
      0.9930791258811951,
      0.006920918822288513
    ],
    [
      1.876987880677916e-07,
      0.9999997615814209
    ],
    [
      1.4878879483148921e-05,
      0.9999850988388062
    ],
    [
      0.9999712705612183,
      2.873636913136579e-05
    ],
    [
      0.002602780470624566,
      0.9973971843719482
    ],
    [
      4.304468248506055e-08,
      1.0
    ],
    [
      9.041054340741539e-07,
      0.9999990463256836
    ],
    [
      0.0002782669907901436,
      0.9997217059135437
    ],
    [
      5.419980089738097e-11,
      1.0
    ],
    [
      0.016064224764704704,
      0.9839357137680054
    ],
    [
      0.6363447308540344,
      0.3636552691459656
    ],
    [
      8.83632219483843e-06,
      0.9999911785125732
    ],
    [
      0.00021425329032354057,
      0.9997857213020325
    ],
    [
      0.0011534997029229999,
      0.9988465309143066
    ],
    [
      1.2307153518520408e-08,
      1.0
    ],
    [
      0.0010775723494589329,
      0.9989224672317505
    ],
    [
      3.185483592460514e-06,
      0.9999967813491821
    ],
    [
      8.014682251200611e-09,
      1.0
    ],
    [
      0.9773340821266174,
      0.022665970027446747
    ],
    [
      0.5990936756134033,
      0.4009063243865967
    ],
    [
      0.9922292828559875,
      0.007770702708512545
    ],
    [
      2.5228625872841803e-06,
      0.9999974966049194
    ],
    [
      0.4647919833660126,
      0.535207986831665
    ],
    [
      8.815407636575401e-05,
      0.9999117851257324
    ],
    [
      0.9995726943016052,
      0.0004272441437933594
    ],
    [
      2.2049395187288823e-13,
      1.0
    ],
    [
      0.11465360969305038,
      0.8853464722633362
    ],
    [
      0.00012035891995765269,
      0.9998795986175537
    ],
    [
      0.00013598549412563443,
      0.9998639822006226
    ],
    [
      4.304468248506055e-08,
      1.0
    ],
    [
      0.0007042106590233743,
      0.999295711517334
    ],
    [
      0.000980355660431087,
      0.9990196228027344
    ],
    [
      0.010708265006542206,
      0.9892917275428772
    ],
    [
      0.9762874245643616,
      0.023712577298283577
    ],
    [
      0.0005523320287466049,
      0.9994476437568665
    ],
    [
      0.9985657334327698,
      0.0014343290822580457
    ],
    [
      1.8712484006755403e-08,
      1.0
    ],
    [
      0.997710108757019,
      0.0022899387404322624
    ],
    [
      1.602432075920035e-09,
      1.0
    ],
    [
      0.00043612439185380936,
      0.9995638728141785
    ],
    [
      0.0024038623087108135,
      0.9975960850715637
    ],
    [
      0.9996603727340698,
      0.0003396720567252487
    ],
    [
      9.445300719335137e-08,
      0.9999998807907104
    ],
    [
      0.011077587492763996,
      0.9889224767684937
    ],
    [
      6.826324465691869e-07,
      0.9999992847442627
    ],
    [
      0.2025795429944992,
      0.7974204421043396
    ],
    [
      7.57090917735681e-11,
      1.0
    ],
    [
      0.9871180057525635,
      0.012881973758339882
    ],
    [
      0.9999041557312012,
      9.580979531165212e-05
    ],
    [
      2.39299668969295e-09,
      1.0
    ]
  ]
}