{
  "y_true": [
    1,
    1,
    1,
    1,
    1,
    1,
    1,
    0,
    0,
    1,
    1,
    0,
    1,
    0,
    1,
    1,
    1,
    0,
    0,
    1,
    0,
    0,
    0,
    0,
    1,
    1,
    1,
    1,
    1,
    1,
    0,
    0,
    0,
    0,
    0,
    1,
    1,
    0,
    1,
    1,
    1,
    1,
    1,
    0,
    0,
    0,
    1,
    1,
    1,
    1,
    1,
    1,
    1,
    0,
    1,
    1,
    0,
    0,
    0,
    0,
    1,
    1,
    0,
    0,
    0,
    1,
    1,
    0,
    1,
    1,
    1,
    1,
    1,
    0,
    0,
    1,
    1,
    0,
    1,
    0,
    1,
    0,
    0,
    1,
    1,
    1,
    1,
    1,
    0,
    0,
    1
  ],
  "y_pred": [
    1,
    1,
    1,
    1,
    1,
    1,
    1,
    0,
    0,
    1,
    1,
    0,
    1,
    0,
    1,
    1,
    1,
    0,
    0,
    1,
    0,
    0,
    0,
    0,
    1,
    1,
    1,
    1,
    1,
    1,
    0,
    0,
    0,
    0,
    0,
    1,
    1,
    0,
    1,
    1,
    1,
    1,
    1,
    0,
    0,
    0,
    1,
    1,
    1,
    1,
    1,
    1,
    1,
    0,
    1,
    1,
    0,
    0,
    0,
    0,
    1,
    1,
    0,
    0,
    0,
    1,
    1,
    0,
    1,
    1,
    1,
    1,
    1,
    0,
    0,
    1,
    1,
    0,
    1,
    0,
    1,
    0,
    0,
    1,
    1,
    1,
    1,
    1,
    0,
    0,
    1
  ],
  "y_probs": [
    [
      0.0002667208609636873,
      0.9997332692146301
    ],
    [
      0.0010196072980761528,
      0.9989803433418274
    ],
    [
      7.349546649493277e-05,
      0.9999264478683472
    ],
    [
      2.0182880689390004e-05,
      0.9999798536300659
    ],
    [
      3.431026698308415e-07,
      0.9999996423721313
    ],
    [
      0.08568621426820755,
      0.914313793182373
    ],
    [
      0.0008175207185558975,
      0.9991825222969055
    ],
    [
      0.9999130964279175,
      8.686532964929938e-05
    ],
    [
      0.9754124879837036,
      0.024587539955973625
    ],
    [
      0.00024962893803603947,
      0.9997503161430359
    ],
    [
      0.0015617046738043427,
      0.99843829870224
    ],
    [
      0.9997777342796326,
      0.00022231183538679034
    ],
    [
      0.0002639787271618843,
      0.9997360110282898
    ],
    [
      0.9992666840553284,
      0.0007333055255003273
    ],
    [
      1.1360770258761477e-05,
      0.9999886751174927
    ],
    [
      0.0015617046738043427,
      0.99843829870224
    ],
    [
      3.637085683294572e-05,
      0.999963641166687
    ],
    [
      0.9982138872146606,
      0.0017861095257103443
    ],
    [
      0.9993875026702881,
      0.0006124427891336381
    ],
    [
      2.994975875481032e-05,
      0.9999700784683228
    ],
    [
      0.9979633092880249,
      0.002036729361861944
    ],
    [
      0.9999001026153564,
      9.992593550123274e-05
    ],
    [
      0.9984424710273743,
      0.0015575116267427802
    ],
    [
      0.9986572265625,
      0.0013428042875602841
    ],
    [
      0.008703009225428104,
      0.9912970066070557
    ],
    [
      0.0009949380764737725,
      0.999005138874054
    ],
    [
      0.0006092340918257833,
      0.999390721321106
    ],
    [
      0.0004112294118385762,
      0.9995887875556946
    ],
    [
      0.020715251564979553,
      0.9792847633361816
    ],
    [
      8.38262451452465e-07,
      0.9999991655349731
    ],
    [
      0.9934768080711365,
      0.0065232315100729465
    ],
    [
      0.9992395639419556,
      0.0007604020647704601
    ],
    [
      0.5627780556678772,
      0.4372219443321228
    ],
    [
      0.999933123588562,
      6.690390000585467e-05
    ],
    [
      0.9971166849136353,
      0.0028833476826548576
    ],
    [
      0.05791967362165451,
      0.9420803189277649
    ],
    [
      0.00025670937611721456,
      0.9997432827949524
    ],
    [
      0.998719334602356,
      0.001280727912671864
    ],
    [
      0.0003085474600084126,
      0.9996914863586426
    ],
    [
      0.001462092506699264,
      0.9985378980636597
    ],
    [
      1.6222909835050814e-05,
      0.9999837875366211
    ],
    [
      8.465760714670978e-08,
      0.9999998807907104
    ],
    [
      0.0013774767285212874,
      0.9986225366592407
    ],
    [
      0.9930518865585327,
      0.006948133464902639
    ],
    [
      0.9992069602012634,
      0.0007930264109745622
    ],
    [
      0.9887032508850098,
      0.011296751908957958
    ],
    [
      0.001162764267064631,
      0.9988372921943665
    ],
    [
      0.02296316996216774,
      0.9770368933677673
    ],
    [
      0.00010403321357443929,
      0.9998959302902222
    ],
    [
      0.005322936922311783,
      0.9946770668029785
    ],
    [
      0.010519789531826973,
      0.9894801378250122
    ],
    [
      2.769230013655033e-05,
      0.9999723434448242
    ],
    [
      0.0003037401183973998,
      0.9996962547302246
    ],
    [
      0.9751353859901428,
      0.02486463263630867
    ],
    [
      2.7732019589166157e-05,
      0.9999722242355347
    ],
    [
      0.005745218601077795,
      0.9942547678947449
    ],
    [
      0.9931380152702332,
      0.006861915346235037
    ],
    [
      0.9982138872146606,
      0.0017861095257103443
    ],
    [
      0.944769561290741,
      0.05523044243454933
    ],
    [
      0.9999001026153564,
      9.992593550123274e-05
    ],
    [
      0.0005313212750479579,
      0.9994687438011169
    ],
    [
      0.000102782498288434,
      0.9998972415924072
    ],
    [
      0.9959102869033813,
      0.004089734051376581
    ],
    [
      0.9984424710273743,
      0.0015575116267427802
    ],
    [
      0.9998922348022461,
      0.00010779176955111325
    ],
    [
      0.0007299448479898274,
      0.9992700219154358
    ],
    [
      3.832832953776233e-05,
      0.9999616146087646
    ],
    [
      0.9996415376663208,
      0.0003584797086659819
    ],
    [
      0.0002066347369691357,
      0.9997933506965637
    ],
    [
      3.2801777706481516e-05,
      0.9999672174453735
    ],
    [
      0.00048200043966062367,
      0.9995180368423462
    ],
    [
      5.403088835009839e-06,
      0.9999946355819702
    ],
    [
      7.014265861471358e-07,
      0.9999992847442627
    ],
    [
      0.9997915625572205,
      0.0002084722218569368
    ],
    [
      0.999933123588562,
      6.690390000585467e-05
    ],
    [
      1.3226734154159203e-05,
      0.9999867677688599
    ],
    [
      3.890620791935362e-05,
      0.9999611377716064
    ],
    [
      0.9643014669418335,
      0.03569856286048889
    ],
    [
      0.001462092506699264,
      0.9985378980636597
    ],
    [
      0.9985635876655579,
      0.0014364039525389671
    ],
    [
      0.001167119713500142,
      0.9988328814506531
    ],
    [
      0.999588668346405,
      0.00041128622251562774
    ],
    [
      0.9964780211448669,
      0.003521956969052553
    ],
    [
      0.005403493065387011,
      0.994596540927887
    ],
    [
      0.011179010383784771,
      0.9888209104537964
    ],
    [
      2.994881651829928e-05,
      0.9999700784683228
    ],
    [
      0.00044445303501561284,
      0.9995555281639099
    ],
    [
      0.00038601248525083065,
      0.9996140599250793
    ],
    [
      0.998702883720398,
      0.001297104055993259
    ],
    [
      0.9964015483856201,
      0.0035985063295811415
    ],
    [
      0.0006428788183256984,
      0.9993571639060974
    ]
  ]
}