{
  "y_true": [
    1,
    1,
    0,
    0,
    0,
    1,
    1,
    1,
    1,
    1,
    1,
    1,
    1,
    1,
    1,
    0,
    0,
    0,
    1,
    1,
    1,
    1,
    0,
    1,
    0,
    1,
    1,
    1,
    0,
    1,
    1,
    1,
    0,
    0,
    1,
    1,
    1,
    1,
    0,
    1,
    0,
    1,
    0,
    0,
    1,
    0,
    1,
    1,
    0,
    0,
    1,
    1,
    1,
    1,
    1,
    1,
    1,
    1,
    0,
    0,
    0,
    1,
    1,
    1,
    0,
    1,
    0,
    0,
    1,
    1,
    0,
    0,
    1,
    1,
    1,
    0,
    0,
    0,
    1,
    1,
    1,
    1,
    0,
    0,
    0,
    0,
    1,
    0,
    1,
    0,
    0
  ],
  "y_pred": [
    1,
    1,
    0,
    0,
    0,
    1,
    1,
    1,
    1,
    1,
    1,
    1,
    1,
    1,
    1,
    0,
    0,
    0,
    1,
    1,
    1,
    1,
    0,
    1,
    0,
    1,
    1,
    1,
    0,
    1,
    1,
    1,
    0,
    0,
    1,
    1,
    1,
    1,
    0,
    1,
    0,
    1,
    0,
    0,
    1,
    0,
    1,
    0,
    0,
    0,
    1,
    1,
    1,
    1,
    1,
    1,
    1,
    1,
    0,
    0,
    0,
    1,
    1,
    1,
    0,
    1,
    0,
    0,
    1,
    0,
    0,
    0,
    1,
    1,
    1,
    0,
    0,
    0,
    1,
    0,
    1,
    1,
    0,
    0,
    0,
    0,
    1,
    0,
    1,
    0,
    0
  ],
  "y_probs": [
    [
      0.03802546113729477,
      0.9619745016098022
    ],
    [
      0.004299674183130264,
      0.9957003593444824
    ],
    [
      0.9980985522270203,
      0.0019014357822015882
    ],
    [
      0.8819283843040466,
      0.11807165294885635
    ],
    [
      0.9968122839927673,
      0.0031876792199909687
    ],
    [
      0.19503432512283325,
      0.804965615272522
    ],
    [
      0.10060224682092667,
      0.8993977308273315
    ],
    [
      0.20685654878616333,
      0.7931434512138367
    ],
    [
      0.005668474826961756,
      0.9943314790725708
    ],
    [
      0.0003592100983951241,
      0.9996408224105835
    ],
    [
      0.0009858232224360108,
      0.999014139175415
    ],
    [
      0.3306845426559448,
      0.6693155169487
    ],
    [
      0.031419578939676285,
      0.9685804843902588
    ],
    [
      9.420391143066809e-05,
      0.9999058246612549
    ],
    [
      0.11270595341920853,
      0.8872939944267273
    ],
    [
      0.9968122839927673,
      0.0031876792199909687
    ],
    [
      0.8604838848114014,
      0.13951614499092102
    ],
    [
      0.9100109338760376,
      0.08998910337686539
    ],
    [
      0.006816554814577103,
      0.993183434009552
    ],
    [
      0.13185907900333405,
      0.8681409358978271
    ],
    [
      0.052608735859394073,
      0.9473912715911865
    ],
    [
      0.03233382850885391,
      0.9676661491394043
    ],
    [
      0.9766780734062195,
      0.02332187071442604
    ],
    [
      0.026547538116574287,
      0.9734525084495544
    ],
    [
      0.9347590208053589,
      0.06524091958999634
    ],
    [
      0.0024114602711051702,
      0.9975885152816772
    ],
    [
      0.4319920241832733,
      0.5680080056190491
    ],
    [
      0.2589969038963318,
      0.7410030364990234
    ],
    [
      0.972480058670044,
      0.027519918978214264
    ],
    [
      0.004280431661754847,
      0.9957196116447449
    ],
    [
      0.24082183837890625,
      0.7591781616210938
    ],
    [
      0.06295886635780334,
      0.937041163444519
    ],
    [
      0.968660295009613,
      0.031339675188064575
    ],
    [
      0.972480058670044,
      0.027519918978214264
    ],
    [
      0.10345016419887543,
      0.8965498208999634
    ],
    [
      0.10533319413661957,
      0.8946667909622192
    ],
    [
      0.06555580347776413,
      0.9344441294670105
    ],
    [
      0.26093024015426636,
      0.7390697598457336
    ],
    [
      0.8807529211044312,
      0.11924702674150467
    ],
    [
      0.04442224279046059,
      0.9555777311325073
    ],
    [
      0.9953331351280212,
      0.004666867665946484
    ],
    [
      0.0038460863288491964,
      0.9961538910865784
    ],
    [
      0.8040695786476135,
      0.19593040645122528
    ],
    [
      0.9957941770553589,
      0.0042057647369802
    ],
    [
      0.015169810503721237,
      0.9848301410675049
    ],
    [
      0.9963507652282715,
      0.0036492589861154556
    ],
    [
      0.0005631799576804042,
      0.9994367957115173
    ],
    [
      0.6760430335998535,
      0.3239569664001465
    ],
    [
      0.9974489808082581,
      0.002551022917032242
    ],
    [
      0.8735868334770203,
      0.12641318142414093
    ],
    [
      0.0022575175389647484,
      0.9977425336837769
    ],
    [
      0.3069101572036743,
      0.6930898427963257
    ],
    [
      0.005668474826961756,
      0.9943314790725708
    ],
    [
      0.16754509508609772,
      0.8324549198150635
    ],
    [
      0.044986575841903687,
      0.9550134539604187
    ],
    [
      0.015169810503721237,
      0.9848301410675049
    ],
    [
      0.05203121528029442,
      0.9479687809944153
    ],
    [
      0.012895478866994381,
      0.9871045351028442
    ],
    [
      0.9957067370414734,
      0.004293321631848812
    ],
    [
      0.9639548659324646,
      0.03604515269398689
    ],
    [
      0.8532394170761108,
      0.14676053822040558
    ],
    [
      0.03249166160821915,
      0.9675083756446838
    ],
    [
      0.0003592100983951241,
      0.9996408224105835
    ],
    [
      0.06885170191526413,
      0.9311482906341553
    ],
    [
      0.9963507652282715,
      0.0036492589861154556
    ],
    [
      0.16200478374958038,
      0.8379952311515808
    ],
    [
      0.9750032424926758,
      0.024996723979711533
    ],
    [
      0.9953331351280212,
      0.004666867665946484
    ],
    [
      0.20970283448696136,
      0.7902972102165222
    ],
    [
      0.5132672786712646,
      0.48673275113105774
    ],
    [
      0.9922966361045837,
      0.007703304290771484
    ],
    [
      0.9200549125671387,
      0.07994505017995834
    ],
    [
      0.03333929553627968,
      0.9666606783866882
    ],
    [
      0.17703811824321747,
      0.8229618072509766
    ],
    [
      0.051359329372644424,
      0.9486406445503235
    ],
    [
      0.984801709651947,
      0.015198303386569023
    ],
    [
      0.9023852944374084,
      0.09761471301317215
    ],
    [
      0.9932107329368591,
      0.006789256352931261
    ],
    [
      0.0037267878651618958,
      0.9962731599807739
    ],
    [
      0.6212515234947205,
      0.37874850630760193
    ],
    [
      0.08269190043210983,
      0.9173080921173096
    ],
    [
      0.12654909491539001,
      0.8734509348869324
    ],
    [
      0.6709006428718567,
      0.3290993869304657
    ],
    [
      0.9848013520240784,
      0.01519863773137331
    ],
    [
      0.9290094375610352,
      0.07099054008722305
    ],
    [
      0.9180588722229004,
      0.0819411426782608
    ],
    [
      0.025226835161447525,
      0.974773108959198
    ],
    [
      0.9515810012817383,
      0.048419028520584106
    ],
    [
      0.024542776867747307,
      0.9754571914672852
    ],
    [
      0.8445097208023071,
      0.15549032390117645
    ],
    [
      0.9588102698326111,
      0.04118967801332474
    ]
  ]
}