{
  "y_true": [
    1,
    0,
    0,
    0,
    0,
    1,
    0,
    1,
    1,
    1,
    0,
    0,
    0,
    1,
    0,
    1,
    0,
    0,
    1,
    0,
    1,
    0,
    1,
    1,
    1,
    0,
    1,
    1,
    1,
    1,
    0,
    0,
    1,
    1,
    0,
    1,
    1,
    1,
    1,
    1,
    0,
    1,
    1,
    1,
    1,
    1,
    1,
    1,
    0,
    0,
    1
  ],
  "y_pred": [
    0,
    0,
    0,
    0,
    0,
    1,
    1,
    1,
    0,
    0,
    0,
    0,
    0,
    1,
    0,
    1,
    0,
    1,
    1,
    0,
    1,
    1,
    1,
    1,
    1,
    0,
    1,
    1,
    1,
    1,
    0,
    0,
    1,
    1,
    0,
    1,
    1,
    1,
    1,
    1,
    0,
    1,
    1,
    1,
    1,
    1,
    1,
    1,
    0,
    0,
    0
  ],
  "y_probs": [
    [
      0.7006952166557312,
      0.2993047535419464
    ],
    [
      0.9914466142654419,
      0.00855342485010624
    ],
    [
      0.7161737680435181,
      0.28382620215415955
    ],
    [
      0.9980407357215881,
      0.00195932830683887
    ],
    [
      0.9891732931137085,
      0.010826671496033669
    ],
    [
      0.007575495168566704,
      0.992424488067627
    ],
    [
      0.00395047664642334,
      0.9960495829582214
    ],
    [
      0.00038454440073110163,
      0.9996154308319092
    ],
    [
      0.7047048807144165,
      0.2952951192855835
    ],
    [
      0.7812803387641907,
      0.21871964633464813
    ],
    [
      0.9694405794143677,
      0.030559390783309937
    ],
    [
      0.9982373714447021,
      0.0017626523040235043
    ],
    [
      0.9659556150436401,
      0.034044403582811356
    ],
    [
      0.18903420865535736,
      0.8109657764434814
    ],
    [
      0.821996808052063,
      0.17800316214561462
    ],
    [
      0.003587478306144476,
      0.9964125752449036
    ],
    [
      0.6898853182792664,
      0.31011468172073364
    ],
    [
      0.0051194773986935616,
      0.9948805570602417
    ],
    [
      0.0011987837497144938,
      0.9988012313842773
    ],
    [
      0.9718940258026123,
      0.028105927631258965
    ],
    [
      0.004004636779427528,
      0.9959954023361206
    ],
    [
      0.22809335589408875,
      0.7719066143035889
    ],
    [
      0.009183063171803951,
      0.9908169507980347
    ],
    [
      0.057222962379455566,
      0.9427770972251892
    ],
    [
      0.25449055433273315,
      0.7455094456672668
    ],
    [
      0.8803432583808899,
      0.11965666711330414
    ],
    [
      0.04040241613984108,
      0.9595975279808044
    ],
    [
      0.07862363010644913,
      0.9213762879371643
    ],
    [
      0.00038454440073110163,
      0.9996154308319092
    ],
    [
      0.01089927926659584,
      0.9891007542610168
    ],
    [
      0.9576156735420227,
      0.04238429665565491
    ],
    [
      0.9615626335144043,
      0.03843732923269272
    ],
    [
      0.04945112764835358,
      0.9505488872528076
    ],
    [
      0.03402939811348915,
      0.9659706354141235
    ],
    [
      0.9988366961479187,
      0.0011632671812549233
    ],
    [
      0.005993763450533152,
      0.9940061569213867
    ],
    [
      0.07491990923881531,
      0.9250801205635071
    ],
    [
      0.21540647745132446,
      0.7845935225486755
    ],
    [
      0.007806078065186739,
      0.9921939373016357
    ],
    [
      0.015544405207037926,
      0.9844555854797363
    ],
    [
      0.9579548835754395,
      0.04204508289694786
    ],
    [
      0.0024566093925386667,
      0.9975433945655823
    ],
    [
      0.0010854933643713593,
      0.9989144802093506
    ],
    [
      0.3632380962371826,
      0.6367619037628174
    ],
    [
      0.00014601829752791673,
      0.9998539686203003
    ],
    [
      0.0017373071750625968,
      0.9982627034187317
    ],
    [
      0.13722935318946838,
      0.8627706170082092
    ],
    [
      0.24620606005191803,
      0.7537939548492432
    ],
    [
      0.9860799908638,
      0.013919994235038757
    ],
    [
      0.9020773768424988,
      0.09792262315750122
    ],
    [
      0.5086235404014587,
      0.49137645959854126
    ]
  ]
}