{
  "y_true": [
    1,
    1,
    1,
    0,
    1,
    1,
    1,
    0,
    1,
    0,
    1,
    0,
    1,
    1,
    1,
    1,
    1,
    0,
    0,
    1,
    1,
    1,
    0,
    1,
    1,
    1,
    0,
    1,
    0,
    1,
    1,
    0,
    1,
    1,
    0,
    0,
    1,
    0,
    0,
    1,
    1,
    1,
    0,
    0,
    0,
    1,
    0,
    1,
    0,
    1,
    0
  ],
  "y_pred": [
    1,
    1,
    1,
    0,
    0,
    1,
    1,
    0,
    1,
    0,
    1,
    0,
    1,
    1,
    1,
    1,
    1,
    0,
    0,
    1,
    1,
    1,
    0,
    1,
    1,
    1,
    1,
    0,
    0,
    1,
    1,
    0,
    1,
    1,
    0,
    0,
    1,
    0,
    0,
    1,
    1,
    1,
    1,
    0,
    0,
    1,
    0,
    1,
    1,
    1,
    0
  ],
  "y_probs": [
    [
      7.878602627897635e-05,
      0.9999212026596069
    ],
    [
      0.0131138376891613,
      0.9868861436843872
    ],
    [
      0.07052382826805115,
      0.9294762015342712
    ],
    [
      0.8322597146034241,
      0.16774022579193115
    ],
    [
      0.6339825987815857,
      0.3660174310207367
    ],
    [
      0.24264858663082123,
      0.7573514580726624
    ],
    [
      0.0012421688297763467,
      0.9987578392028809
    ],
    [
      0.9844232201576233,
      0.015576764941215515
    ],
    [
      0.02536677196621895,
      0.9746332764625549
    ],
    [
      0.7849502563476562,
      0.21504969894886017
    ],
    [
      0.013813085854053497,
      0.9861868619918823
    ],
    [
      0.984978973865509,
      0.01502104103565216
    ],
    [
      0.2821085453033447,
      0.7178914546966553
    ],
    [
      0.049955014139413834,
      0.9500449299812317
    ],
    [
      0.0013781893067061901,
      0.9986218214035034
    ],
    [
      0.0013934855815023184,
      0.9986065030097961
    ],
    [
      0.0015951230889186263,
      0.9984049201011658
    ],
    [
      0.9744806289672852,
      0.025519337505102158
    ],
    [
      0.8873870372772217,
      0.11261298507452011
    ],
    [
      0.3676811158657074,
      0.632318913936615
    ],
    [
      0.3894040286540985,
      0.6105959415435791
    ],
    [
      0.005144724156707525,
      0.9948552846908569
    ],
    [
      0.7960453629493713,
      0.20395465195178986
    ],
    [
      0.2693493068218231,
      0.7306507229804993
    ],
    [
      0.13924816250801086,
      0.8607518076896667
    ],
    [
      0.018518785014748573,
      0.9814811944961548
    ],
    [
      0.025930099189281464,
      0.9740698933601379
    ],
    [
      0.5761020183563232,
      0.42389798164367676
    ],
    [
      0.931585431098938,
      0.0684145838022232
    ],
    [
      0.0013781893067061901,
      0.9986218214035034
    ],
    [
      0.22410224378108978,
      0.7758978009223938
    ],
    [
      0.9749676585197449,
      0.025032393634319305
    ],
    [
      0.0003916484129149467,
      0.9996083378791809
    ],
    [
      0.002145629609003663,
      0.9978542923927307
    ],
    [
      0.544913113117218,
      0.45508694648742676
    ],
    [
      0.9783026576042175,
      0.02169726975262165
    ],
    [
      0.05679525062441826,
      0.9432047009468079
    ],
    [
      0.9961054921150208,
      0.003894534194841981
    ],
    [
      0.8710317611694336,
      0.1289682537317276
    ],
    [
      0.046722348779439926,
      0.9532776474952698
    ],
    [
      0.14699207246303558,
      0.8530079126358032
    ],
    [
      0.057213108986616135,
      0.9427869319915771
    ],
    [
      0.10692618787288666,
      0.8930737972259521
    ],
    [
      0.8988377451896667,
      0.10116226226091385
    ],
    [
      0.7165115475654602,
      0.2834884524345398
    ],
    [
      0.008633711375296116,
      0.9913662075996399
    ],
    [
      0.978557288646698,
      0.021442653611302376
    ],
    [
      0.3949398398399353,
      0.6050601601600647
    ],
    [
      0.005309900734573603,
      0.9946901798248291
    ],
    [
      0.0098884804174304,
      0.9901115298271179
    ],
    [
      0.9660734534263611,
      0.0339265838265419
    ]
  ]
}