{
  "y_true": [
    0,
    1,
    1,
    1,
    1,
    1,
    0,
    1,
    0,
    0,
    1,
    0,
    0,
    1,
    0,
    1,
    0,
    0,
    0,
    0,
    1,
    0,
    1,
    1,
    1,
    1,
    1,
    1,
    1,
    0,
    1,
    1,
    1,
    0,
    0,
    0,
    1,
    1,
    0,
    0,
    0,
    1,
    1,
    1,
    1,
    1,
    1,
    1,
    0,
    1,
    1
  ],
  "y_pred": [
    0,
    1,
    1,
    0,
    1,
    1,
    0,
    1,
    1,
    1,
    1,
    0,
    0,
    1,
    0,
    0,
    0,
    0,
    0,
    0,
    1,
    0,
    1,
    1,
    1,
    1,
    1,
    0,
    1,
    1,
    1,
    1,
    1,
    0,
    0,
    0,
    0,
    1,
    0,
    0,
    0,
    1,
    1,
    1,
    1,
    1,
    1,
    1,
    0,
    1,
    1
  ],
  "y_probs": [
    [
      0.9828841090202332,
      0.017115943133831024
    ],
    [
      0.0073348539881408215,
      0.9926651120185852
    ],
    [
      0.000734594592358917,
      0.9992653727531433
    ],
    [
      0.9631788730621338,
      0.03682111203670502
    ],
    [
      0.0033887557219713926,
      0.9966111779212952
    ],
    [
      0.00557970255613327,
      0.9944202303886414
    ],
    [
      0.9985435009002686,
      0.001456463010981679
    ],
    [
      0.011306971311569214,
      0.9886930584907532
    ],
    [
      0.24885021150112152,
      0.7511497735977173
    ],
    [
      0.003436063649132848,
      0.9965639710426331
    ],
    [
      0.0012870804639533162,
      0.9987128973007202
    ],
    [
      0.9620577692985535,
      0.03794220834970474
    ],
    [
      0.9208095073699951,
      0.07919050753116608
    ],
    [
      0.0002148862840840593,
      0.9997851252555847
    ],
    [
      0.9901607036590576,
      0.009839234873652458
    ],
    [
      0.9023712277412415,
      0.09762879461050034
    ],
    [
      0.9958900809288025,
      0.004109994042664766
    ],
    [
      0.9951310157775879,
      0.004868953954428434
    ],
    [
      0.9973701238632202,
      0.0026298672892153263
    ],
    [
      0.9992231130599976,
      0.00077687983866781
    ],
    [
      0.0583077073097229,
      0.9416922926902771
    ],
    [
      0.9928128123283386,
      0.007187160197645426
    ],
    [
      0.004390920978039503,
      0.9956091046333313
    ],
    [
      0.11638103425502777,
      0.883618950843811
    ],
    [
      0.013596830889582634,
      0.9864031076431274
    ],
    [
      0.07093621790409088,
      0.9290637969970703
    ],
    [
      0.30336976051330566,
      0.6966302394866943
    ],
    [
      0.7538554668426514,
      0.24614456295967102
    ],
    [
      0.16014699637889862,
      0.8398529887199402
    ],
    [
      0.24270471930503845,
      0.7572952508926392
    ],
    [
      0.12531229853630066,
      0.8746877312660217
    ],
    [
      0.009589994326233864,
      0.9904099702835083
    ],
    [
      0.0005672397091984749,
      0.9994327425956726
    ],
    [
      0.9983943104743958,
      0.0016057052416726947
    ],
    [
      0.9967445135116577,
      0.0032554063946008682
    ],
    [
      0.9861099123954773,
      0.013890166766941547
    ],
    [
      0.8016557693481445,
      0.19834421575069427
    ],
    [
      0.016173185780644417,
      0.9838268160820007
    ],
    [
      0.9873054027557373,
      0.012694625183939934
    ],
    [
      0.9587242603302002,
      0.041275762021541595
    ],
    [
      0.9993608593940735,
      0.0006391776842065156
    ],
    [
      0.0009686830453574657,
      0.9990313053131104
    ],
    [
      0.003135902574285865,
      0.9968640804290771
    ],
    [
      0.00011448512668721378,
      0.9998855590820312
    ],
    [
      0.02732156589627266,
      0.9726783633232117
    ],
    [
      0.3678249716758728,
      0.6321750283241272
    ],
    [
      0.40393880009651184,
      0.5960612297058105
    ],
    [
      0.011873205192387104,
      0.9881268739700317
    ],
    [
      0.9927424192428589,
      0.007257525809109211
    ],
    [
      0.41827458143234253,
      0.5817253589630127
    ],
    [
      0.011873114854097366,
      0.9881268739700317
    ]
  ]
}