{
  "y_true": [
    1,
    0,
    1,
    1,
    1,
    0,
    1,
    0,
    1,
    1,
    1,
    0,
    1,
    1,
    0,
    1,
    1,
    1,
    1,
    1,
    0,
    1,
    1,
    0,
    0,
    0,
    0,
    0,
    0,
    1,
    1,
    0,
    0,
    1,
    1,
    1,
    1,
    0,
    1,
    1,
    1,
    1,
    1,
    0,
    1,
    1,
    1,
    0,
    0,
    0,
    1,
    0,
    1,
    0,
    1,
    1,
    0,
    1,
    1,
    0,
    1,
    1,
    1,
    1,
    0,
    0,
    0,
    0,
    1,
    1,
    1,
    1,
    1,
    1,
    0,
    1,
    0,
    0,
    1,
    1,
    0,
    1,
    0,
    1,
    0,
    0,
    1,
    0,
    1,
    0,
    1
  ],
  "y_pred": [
    1,
    0,
    1,
    1,
    1,
    0,
    1,
    0,
    1,
    1,
    1,
    0,
    1,
    1,
    0,
    1,
    1,
    1,
    1,
    1,
    0,
    1,
    1,
    0,
    0,
    0,
    0,
    0,
    0,
    1,
    1,
    0,
    0,
    1,
    1,
    1,
    1,
    1,
    1,
    1,
    1,
    0,
    1,
    0,
    1,
    1,
    1,
    0,
    0,
    0,
    1,
    0,
    0,
    0,
    1,
    1,
    1,
    1,
    1,
    0,
    1,
    1,
    1,
    1,
    0,
    0,
    0,
    0,
    1,
    1,
    0,
    1,
    1,
    1,
    0,
    1,
    1,
    0,
    1,
    1,
    0,
    1,
    0,
    0,
    0,
    0,
    1,
    0,
    1,
    0,
    1
  ],
  "y_probs": [
    [
      0.44658491015434265,
      0.5534151196479797
    ],
    [
      0.6916907429695129,
      0.30830925703048706
    ],
    [
      0.017188571393489838,
      0.9828113913536072
    ],
    [
      0.08331117779016495,
      0.9166887998580933
    ],
    [
      0.06318473815917969,
      0.9368152022361755
    ],
    [
      0.9751402735710144,
      0.024859784170985222
    ],
    [
      0.045388683676719666,
      0.9546113610267639
    ],
    [
      0.9880659580230713,
      0.011934012174606323
    ],
    [
      0.2628166079521179,
      0.7371833920478821
    ],
    [
      0.020660215988755226,
      0.9793397188186646
    ],
    [
      0.007219443563371897,
      0.9927806258201599
    ],
    [
      0.8656785488128662,
      0.1343214064836502
    ],
    [
      0.26771003007888794,
      0.7322899103164673
    ],
    [
      0.2457788586616516,
      0.7542212009429932
    ],
    [
      0.798231303691864,
      0.2017686665058136
    ],
    [
      0.07936704158782959,
      0.9206329584121704
    ],
    [
      0.1605488508939743,
      0.8394510746002197
    ],
    [
      0.017188571393489838,
      0.9828113913536072
    ],
    [
      0.30518800020217896,
      0.6948119401931763
    ],
    [
      0.12207227200269699,
      0.8779277205467224
    ],
    [
      0.8577248454093933,
      0.14227518439292908
    ],
    [
      0.06577686965465546,
      0.9342231154441833
    ],
    [
      0.04209231957793236,
      0.9579076170921326
    ],
    [
      0.8906574249267578,
      0.10934258997440338
    ],
    [
      0.9663274884223938,
      0.03367242589592934
    ],
    [
      0.969738245010376,
      0.03026180900633335
    ],
    [
      0.9761242866516113,
      0.023875689134001732
    ],
    [
      0.9727097749710083,
      0.02729027159512043
    ],
    [
      0.7193260192871094,
      0.2806739807128906
    ],
    [
      0.052988484501838684,
      0.9470115303993225
    ],
    [
      0.06406762450933456,
      0.9359323382377625
    ],
    [
      0.955615758895874,
      0.044384267181158066
    ],
    [
      0.9713978171348572,
      0.028602205216884613
    ],
    [
      0.14812354743480682,
      0.851876437664032
    ],
    [
      0.3083750009536743,
      0.6916250586509705
    ],
    [
      0.024837670847773552,
      0.9751623868942261
    ],
    [
      0.1706228256225586,
      0.8293771743774414
    ],
    [
      0.15588560700416565,
      0.8441144227981567
    ],
    [
      0.21193063259124756,
      0.7880694270133972
    ],
    [
      0.19351863861083984,
      0.8064813613891602
    ],
    [
      0.012837297283113003,
      0.9871627688407898
    ],
    [
      0.5839638710021973,
      0.41603609919548035
    ],
    [
      0.37264272570610046,
      0.6273573040962219
    ],
    [
      0.9871132969856262,
      0.012886679731309414
    ],
    [
      0.011646631173789501,
      0.988353431224823
    ],
    [
      0.004239716567099094,
      0.9957602620124817
    ],
    [
      0.02006557025015354,
      0.9799343943595886
    ],
    [
      0.9761242866516113,
      0.023875689134001732
    ],
    [
      0.7640255689620972,
      0.23597443103790283
    ],
    [
      0.8904777765274048,
      0.10952223092317581
    ],
    [
      0.17189453542232513,
      0.8281054496765137
    ],
    [
      0.9749660491943359,
      0.02503388561308384
    ],
    [
      0.6897123456001282,
      0.31028762459754944
    ],
    [
      0.6538125872612,
      0.3461873531341553
    ],
    [
      0.04787900671362877,
      0.9521210193634033
    ],
    [
      0.034579358994960785,
      0.9654207229614258
    ],
    [
      0.49265041947364807,
      0.5073496103286743
    ],
    [
      0.13587050139904022,
      0.8641294836997986
    ],
    [
      0.1141287162899971,
      0.8858713507652283
    ],
    [
      0.6456451416015625,
      0.3543548285961151
    ],
    [
      0.14747290313243866,
      0.8525271415710449
    ],
    [
      0.025088151916861534,
      0.9749119281768799
    ],
    [
      0.11205394566059113,
      0.8879460096359253
    ],
    [
      0.4291629195213318,
      0.5708370804786682
    ],
    [
      0.9559877514839172,
      0.04401227459311485
    ],
    [
      0.8656785488128662,
      0.1343214064836502
    ],
    [
      0.9855546951293945,
      0.014445307664573193
    ],
    [
      0.9774047136306763,
      0.022595301270484924
    ],
    [
      0.17921367287635803,
      0.8207863569259644
    ],
    [
      0.17967508733272552,
      0.8203248977661133
    ],
    [
      0.9094720482826233,
      0.0905279889702797
    ],
    [
      0.3821895122528076,
      0.6178104281425476
    ],
    [
      0.025970976799726486,
      0.9740290641784668
    ],
    [
      0.13107125461101532,
      0.8689286708831787
    ],
    [
      0.9003304839134216,
      0.09966947138309479
    ],
    [
      0.04127416014671326,
      0.9587258696556091
    ],
    [
      0.4705469608306885,
      0.5294530391693115
    ],
    [
      0.9871132969856262,
      0.012886679731309414
    ],
    [
      0.3981313109397888,
      0.6018686890602112
    ],
    [
      0.2616991698741913,
      0.7383008599281311
    ],
    [
      0.9707891941070557,
      0.029210738837718964
    ],
    [
      0.19988970458507538,
      0.8001103401184082
    ],
    [
      0.9774048328399658,
      0.02259516902267933
    ],
    [
      0.6812771558761597,
      0.3187228739261627
    ],
    [
      0.756991446018219,
      0.2430085986852646
    ],
    [
      0.6020752191543579,
      0.3979247808456421
    ],
    [
      0.007219347171485424,
      0.9927806258201599
    ],
    [
      0.920031726360321,
      0.07996825873851776
    ],
    [
      0.18739156424999237,
      0.8126084208488464
    ],
    [
      0.8017326593399048,
      0.19826734066009521
    ],
    [
      0.025971006602048874,
      0.9740289449691772
    ]
  ]
}