{
  "y_true": [
    0,
    1,
    1,
    1,
    1,
    0,
    0,
    0,
    1,
    1,
    0,
    0,
    1,
    1,
    0,
    0,
    1,
    0,
    1,
    1,
    1,
    1,
    1,
    0,
    0,
    1,
    1,
    1,
    1,
    1,
    1,
    1,
    0,
    0,
    1,
    0,
    0,
    1,
    1,
    0,
    1,
    0,
    1,
    0,
    0,
    1,
    1,
    1,
    1,
    0,
    1
  ],
  "y_pred": [
    0,
    1,
    1,
    1,
    0,
    0,
    1,
    1,
    1,
    1,
    0,
    1,
    1,
    1,
    0,
    0,
    0,
    1,
    1,
    1,
    1,
    0,
    1,
    0,
    0,
    1,
    1,
    1,
    1,
    1,
    0,
    1,
    1,
    1,
    0,
    0,
    0,
    1,
    1,
    0,
    1,
    0,
    1,
    0,
    0,
    1,
    1,
    1,
    1,
    0,
    1
  ],
  "y_probs": [
    [
      0.9831048846244812,
      0.016895117238163948
    ],
    [
      0.08552718162536621,
      0.9144728183746338
    ],
    [
      0.014356848783791065,
      0.9856431484222412
    ],
    [
      0.002865735674276948,
      0.9971342086791992
    ],
    [
      0.8211348652839661,
      0.17886510491371155
    ],
    [
      0.9704586863517761,
      0.029541319236159325
    ],
    [
      0.47975990176200867,
      0.5202401280403137
    ],
    [
      0.07435522228479385,
      0.9256448149681091
    ],
    [
      0.23575130105018616,
      0.7642487287521362
    ],
    [
      0.08531025052070618,
      0.9146897792816162
    ],
    [
      0.8631151914596558,
      0.13688483834266663
    ],
    [
      0.16097648441791534,
      0.8390235900878906
    ],
    [
      0.4596552848815918,
      0.540344774723053
    ],
    [
      0.0606786273419857,
      0.9393213987350464
    ],
    [
      0.9391385316848755,
      0.06086145341396332
    ],
    [
      0.569011926651001,
      0.4309881329536438
    ],
    [
      0.9758745431900024,
      0.024125399067997932
    ],
    [
      0.4021039307117462,
      0.5978960394859314
    ],
    [
      0.043796077370643616,
      0.9562039375305176
    ],
    [
      0.0035475431941449642,
      0.9964524507522583
    ],
    [
      0.005261606071144342,
      0.9947383999824524
    ],
    [
      0.7868713736534119,
      0.21312862634658813
    ],
    [
      0.10104962438344955,
      0.8989503383636475
    ],
    [
      0.9879763722419739,
      0.012023608200252056
    ],
    [
      0.9295754432678223,
      0.07042451202869415
    ],
    [
      0.002405324252322316,
      0.9975946545600891
    ],
    [
      0.0007119377260096371,
      0.9992881417274475
    ],
    [
      0.45954903960227966,
      0.5404509902000427
    ],
    [
      0.06085946410894394,
      0.9391405582427979
    ],
    [
      0.3246577978134155,
      0.6753422021865845
    ],
    [
      0.5391977429389954,
      0.460802286863327
    ],
    [
      0.048350900411605835,
      0.9516491293907166
    ],
    [
      0.2391316294670105,
      0.7608683705329895
    ],
    [
      0.00012475420953705907,
      0.9998751878738403
    ],
    [
      0.7055212259292603,
      0.29447874426841736
    ],
    [
      0.8624469041824341,
      0.13755306601524353
    ],
    [
      0.8728471994400024,
      0.12715275585651398
    ],
    [
      0.011139505542814732,
      0.9888604283332825
    ],
    [
      0.23350520431995392,
      0.7664948105812073
    ],
    [
      0.9895545244216919,
      0.010445461608469486
    ],
    [
      0.0014594619860872626,
      0.9985405206680298
    ],
    [
      0.9286307692527771,
      0.07136917114257812
    ],
    [
      0.013801938854157925,
      0.9861981272697449
    ],
    [
      0.7522220611572266,
      0.24777793884277344
    ],
    [
      0.5100647807121277,
      0.4899351894855499
    ],
    [
      0.10750570893287659,
      0.892494261264801
    ],
    [
      0.010866464115679264,
      0.9891335368156433
    ],
    [
      0.04451832175254822,
      0.9554816484451294
    ],
    [
      0.001459494698792696,
      0.9985405206680298
    ],
    [
      0.6674094796180725,
      0.33259057998657227
    ],
    [
      0.42839765548706055,
      0.5716024041175842
    ]
  ]
}