{
  "y_true": [
    0,
    1,
    0,
    1,
    1,
    1,
    1,
    0,
    1,
    0,
    1,
    1,
    0,
    0,
    0,
    1,
    1,
    0,
    0,
    1,
    1,
    0,
    1,
    0,
    1,
    1,
    1,
    0,
    1,
    1,
    1,
    1,
    1,
    0,
    0,
    0,
    1,
    0,
    1,
    1,
    0,
    0,
    1,
    0,
    1,
    1,
    0,
    1,
    1,
    1,
    1
  ],
  "y_pred": [
    0,
    1,
    0,
    1,
    1,
    1,
    1,
    0,
    1,
    0,
    1,
    1,
    0,
    0,
    0,
    1,
    1,
    0,
    0,
    1,
    1,
    0,
    1,
    0,
    1,
    1,
    1,
    0,
    1,
    1,
    1,
    1,
    1,
    0,
    0,
    1,
    1,
    1,
    1,
    1,
    1,
    1,
    1,
    0,
    1,
    1,
    0,
    1,
    1,
    1,
    1
  ],
  "y_probs": [
    [
      0.9993734955787659,
      0.0006265640840865672
    ],
    [
      0.000735266599804163,
      0.9992647767066956
    ],
    [
      0.9995631575584412,
      0.00043682631803676486
    ],
    [
      4.428086322150193e-05,
      0.9999557733535767
    ],
    [
      7.960425136843696e-06,
      0.9999920129776001
    ],
    [
      1.8823490108843544e-06,
      0.9999980926513672
    ],
    [
      6.086620487621985e-07,
      0.9999994039535522
    ],
    [
      0.999497652053833,
      0.0005022796685807407
    ],
    [
      3.5767316148849204e-06,
      0.9999964237213135
    ],
    [
      0.996644139289856,
      0.003355852561071515
    ],
    [
      0.011533372104167938,
      0.9884666204452515
    ],
    [
      4.039487677687248e-08,
      1.0
    ],
    [
      0.9998518228530884,
      0.0001481446815887466
    ],
    [
      0.9995928406715393,
      0.0004072152660228312
    ],
    [
      0.9999654293060303,
      3.458708670223132e-05
    ],
    [
      0.0033524236641824245,
      0.9966475367546082
    ],
    [
      0.0015983523335307837,
      0.9984017014503479
    ],
    [
      0.9162415266036987,
      0.08375843614339828
    ],
    [
      0.9999939203262329,
      6.0205002228030935e-06
    ],
    [
      0.00012685298861470073,
      0.999873161315918
    ],
    [
      0.0006255791522562504,
      0.9993744492530823
    ],
    [
      0.9999969005584717,
      3.0972178137744777e-06
    ],
    [
      6.086620487621985e-07,
      0.9999994039535522
    ],
    [
      0.998450756072998,
      0.001549236010760069
    ],
    [
      0.0031332895159721375,
      0.9968666434288025
    ],
    [
      0.4882848560810089,
      0.5117151737213135
    ],
    [
      0.0006895674741826952,
      0.9993103742599487
    ],
    [
      0.9841146469116211,
      0.0158853717148304
    ],
    [
      0.020415179431438446,
      0.979584813117981
    ],
    [
      0.0020488689187914133,
      0.9979512095451355
    ],
    [
      9.393501727572584e-07,
      0.9999990463256836
    ],
    [
      0.00104240991640836,
      0.998957633972168
    ],
    [
      0.00066788011463359,
      0.9993321299552917
    ],
    [
      0.9978893399238586,
      0.0021106537897139788
    ],
    [
      0.9818965196609497,
      0.018103431910276413
    ],
    [
      0.2504148483276367,
      0.7495851516723633
    ],
    [
      0.03371163085103035,
      0.9662883281707764
    ],
    [
      4.995133053853351e-07,
      0.9999995231628418
    ],
    [
      0.012658256106078625,
      0.9873418211936951
    ],
    [
      4.719704520539381e-06,
      0.999995231628418
    ],
    [
      0.00022257777163758874,
      0.9997773766517639
    ],
    [
      0.0373217910528183,
      0.9626781344413757
    ],
    [
      0.1265464425086975,
      0.8734535574913025
    ],
    [
      0.9999556541442871,
      4.43406097474508e-05
    ],
    [
      9.427386430616025e-06,
      0.9999905824661255
    ],
    [
      1.228738568670451e-07,
      0.9999998807907104
    ],
    [
      0.9995816349983215,
      0.0004183684941381216
    ],
    [
      3.030593916264479e-06,
      0.9999970197677612
    ],
    [
      1.605658690095879e-05,
      0.9999839067459106
    ],
    [
      0.0018198261968791485,
      0.9981801509857178
    ],
    [
      0.001186082954518497,
      0.9988139867782593
    ]
  ]
}