{
  "y_true": [
    1,
    0,
    1,
    1,
    1,
    1,
    1,
    0,
    1,
    1,
    1,
    0,
    1,
    1,
    0,
    1,
    0,
    0,
    0,
    1,
    0,
    0,
    0,
    0,
    1,
    1,
    0,
    0,
    0,
    1,
    1,
    1,
    1,
    1,
    1,
    0,
    1,
    0,
    0,
    1,
    1,
    1,
    0,
    1,
    0,
    1,
    1,
    1,
    0,
    1,
    1
  ],
  "y_pred": [
    1,
    0,
    1,
    1,
    1,
    1,
    1,
    0,
    1,
    1,
    1,
    0,
    1,
    1,
    0,
    1,
    1,
    0,
    0,
    0,
    0,
    0,
    1,
    1,
    1,
    1,
    0,
    0,
    0,
    1,
    1,
    1,
    1,
    1,
    1,
    0,
    1,
    0,
    0,
    0,
    1,
    1,
    0,
    1,
    0,
    1,
    1,
    1,
    0,
    1,
    0
  ],
  "y_probs": [
    [
      0.06786732375621796,
      0.9321327209472656
    ],
    [
      0.9944301247596741,
      0.005569856148213148
    ],
    [
      0.06032621115446091,
      0.9396737813949585
    ],
    [
      0.003498735139146447,
      0.9965012073516846
    ],
    [
      0.007816384546458721,
      0.9921836256980896
    ],
    [
      0.23910552263259888,
      0.7608944773674011
    ],
    [
      0.0016354526160284877,
      0.9983645081520081
    ],
    [
      0.8050756454467773,
      0.19492439925670624
    ],
    [
      0.058309510350227356,
      0.9416905045509338
    ],
    [
      0.05695374310016632,
      0.9430462718009949
    ],
    [
      0.0009553950512781739,
      0.9990445971488953
    ],
    [
      0.9510127902030945,
      0.048987217247486115
    ],
    [
      0.09533103555440903,
      0.904668927192688
    ],
    [
      0.005449507851153612,
      0.9945505261421204
    ],
    [
      0.97865891456604,
      0.02134110778570175
    ],
    [
      0.0006329956813715398,
      0.9993670582771301
    ],
    [
      0.005714107304811478,
      0.9942858815193176
    ],
    [
      0.958376944065094,
      0.04162304475903511
    ],
    [
      0.6748078465461731,
      0.3251921534538269
    ],
    [
      0.569446861743927,
      0.4305531978607178
    ],
    [
      0.9649138450622559,
      0.035086192190647125
    ],
    [
      0.993368923664093,
      0.006631135940551758
    ],
    [
      0.0144168296828866,
      0.9855831861495972
    ],
    [
      0.19800475239753723,
      0.8019952178001404
    ],
    [
      0.13483349978923798,
      0.8651665449142456
    ],
    [
      0.006471624597907066,
      0.9935283064842224
    ],
    [
      0.8874388337135315,
      0.1125611811876297
    ],
    [
      0.9670120477676392,
      0.03298797085881233
    ],
    [
      0.9357624650001526,
      0.0642375573515892
    ],
    [
      0.4334019720554352,
      0.5665980577468872
    ],
    [
      0.09311383962631226,
      0.9068861603736877
    ],
    [
      0.013250412419438362,
      0.9867495894432068
    ],
    [
      0.334529846906662,
      0.6654701828956604
    ],
    [
      0.03227326646447182,
      0.9677267670631409
    ],
    [
      0.01442153099924326,
      0.9855784177780151
    ],
    [
      0.7936089038848877,
      0.2063910961151123
    ],
    [
      0.006471624597907066,
      0.9935283064842224
    ],
    [
      0.9450254440307617,
      0.05497458577156067
    ],
    [
      0.9988628625869751,
      0.001137105980888009
    ],
    [
      0.9984351992607117,
      0.0015647425316274166
    ],
    [
      0.013962116092443466,
      0.9860379099845886
    ],
    [
      0.3112826645374298,
      0.6887173056602478
    ],
    [
      0.7874274849891663,
      0.21257254481315613
    ],
    [
      0.12533344328403473,
      0.8746665120124817
    ],
    [
      0.9865542650222778,
      0.013445740565657616
    ],
    [
      0.4121430218219757,
      0.5878570079803467
    ],
    [
      0.010246212594211102,
      0.9897538423538208
    ],
    [
      0.005587397143244743,
      0.9944126009941101
    ],
    [
      0.9912410974502563,
      0.008758819662034512
    ],
    [
      0.011103887110948563,
      0.9888961315155029
    ],
    [
      0.5362216830253601,
      0.4637783467769623
    ]
  ]
}