{
  "y_true": [
    1,
    1,
    0,
    1,
    0,
    1,
    0,
    0,
    0,
    1,
    0,
    1,
    1,
    0,
    1,
    0,
    1,
    1,
    0,
    1,
    1,
    1,
    1,
    0,
    0,
    1,
    1,
    0,
    0,
    0,
    1,
    1,
    1,
    1,
    1,
    1,
    0,
    1,
    0,
    1,
    0,
    1,
    1,
    0,
    1,
    1,
    1,
    1,
    1,
    0,
    0
  ],
  "y_pred": [
    0,
    1,
    0,
    1,
    0,
    1,
    0,
    0,
    0,
    1,
    0,
    1,
    1,
    1,
    1,
    1,
    1,
    1,
    0,
    1,
    1,
    1,
    1,
    0,
    0,
    1,
    1,
    0,
    0,
    0,
    1,
    1,
    0,
    1,
    1,
    1,
    0,
    0,
    0,
    1,
    0,
    1,
    1,
    0,
    1,
    1,
    1,
    1,
    1,
    0,
    1
  ],
  "y_probs": [
    [
      0.9903879761695862,
      0.009612011723220348
    ],
    [
      0.00444578705355525,
      0.9955541491508484
    ],
    [
      0.9937281608581543,
      0.006271848920732737
    ],
    [
      0.4140620529651642,
      0.5859379768371582
    ],
    [
      0.9638793468475342,
      0.03612073138356209
    ],
    [
      0.010751024819910526,
      0.9892489910125732
    ],
    [
      0.9966245889663696,
      0.003375455504283309
    ],
    [
      0.7797955274581909,
      0.22020447254180908
    ],
    [
      0.902826726436615,
      0.0971732959151268
    ],
    [
      0.00014511882909573615,
      0.9998548030853271
    ],
    [
      0.9967228770256042,
      0.0032771292608231306
    ],
    [
      0.09288796037435532,
      0.9071121215820312
    ],
    [
      0.0006081576575525105,
      0.9993917942047119
    ],
    [
      0.08632460236549377,
      0.9136753678321838
    ],
    [
      0.4991469979286194,
      0.5008529424667358
    ],
    [
      0.45826953649520874,
      0.5417304039001465
    ],
    [
      0.0032214198727160692,
      0.9967785477638245
    ],
    [
      0.003525295527651906,
      0.9964746832847595
    ],
    [
      0.9637954831123352,
      0.03620453551411629
    ],
    [
      0.00028018400189466774,
      0.9997197985649109
    ],
    [
      0.013160531409084797,
      0.9868394732475281
    ],
    [
      0.0017254435224458575,
      0.998274564743042
    ],
    [
      0.0017254435224458575,
      0.998274564743042
    ],
    [
      0.9668371677398682,
      0.03316277638077736
    ],
    [
      0.9964800477027893,
      0.0035199965350329876
    ],
    [
      0.0006673109601251781,
      0.99933260679245
    ],
    [
      0.4506828188896179,
      0.5493171811103821
    ],
    [
      0.9344760179519653,
      0.06552401185035706
    ],
    [
      0.9864006042480469,
      0.013599429279565811
    ],
    [
      0.5909829139709473,
      0.40901705622673035
    ],
    [
      0.451873242855072,
      0.5481268167495728
    ],
    [
      0.20680829882621765,
      0.79319167137146
    ],
    [
      0.8392859697341919,
      0.1607140600681305
    ],
    [
      0.30878180265426636,
      0.6912182569503784
    ],
    [
      0.045154016464948654,
      0.9548459649085999
    ],
    [
      0.20134124159812927,
      0.7986587285995483
    ],
    [
      0.9561248421669006,
      0.04387517273426056
    ],
    [
      0.8512049913406372,
      0.14879508316516876
    ],
    [
      0.9937460422515869,
      0.006253959611058235
    ],
    [
      0.0026051343884319067,
      0.9973948001861572
    ],
    [
      0.9864276051521301,
      0.013572431169450283
    ],
    [
      0.004644702188670635,
      0.9953553676605225
    ],
    [
      1.7065060092136264e-05,
      0.9999829530715942
    ],
    [
      0.98935866355896,
      0.0106413708999753
    ],
    [
      0.006715573836117983,
      0.9932844638824463
    ],
    [
      4.722360972664319e-05,
      0.9999527931213379
    ],
    [
      0.0029389718547463417,
      0.9970609545707703
    ],
    [
      0.002986846026033163,
      0.9970130920410156
    ],
    [
      0.03815555199980736,
      0.9618444442749023
    ],
    [
      0.9883175492286682,
      0.01168244518339634
    ],
    [
      0.051078323274850845,
      0.9489216804504395
    ]
  ]
}