{
  "y_true": [
    1,
    1,
    0,
    0,
    0,
    1,
    1,
    0,
    1,
    1,
    0,
    0,
    0,
    1,
    1,
    1,
    0,
    1,
    1,
    1,
    1,
    1,
    0,
    1,
    0,
    0,
    1,
    0,
    1,
    1,
    0,
    1,
    0,
    1,
    1,
    0,
    0,
    0,
    1,
    0,
    1,
    1,
    0,
    1,
    1,
    0,
    1,
    1,
    1,
    1,
    1
  ],
  "y_pred": [
    1,
    1,
    1,
    0,
    0,
    1,
    1,
    0,
    0,
    1,
    0,
    0,
    0,
    1,
    1,
    1,
    1,
    0,
    1,
    1,
    0,
    0,
    0,
    0,
    0,
    1,
    1,
    1,
    1,
    1,
    0,
    1,
    0,
    1,
    1,
    0,
    0,
    0,
    1,
    1,
    1,
    1,
    1,
    1,
    0,
    0,
    1,
    0,
    1,
    1,
    1
  ],
  "y_probs": [
    [
      0.23191186785697937,
      0.7680881023406982
    ],
    [
      0.12381963431835175,
      0.8761804103851318
    ],
    [
      0.47658005356788635,
      0.523419976234436
    ],
    [
      0.8432191610336304,
      0.1567808836698532
    ],
    [
      0.6863356232643127,
      0.31366443634033203
    ],
    [
      0.03326043859124184,
      0.9667395353317261
    ],
    [
      0.021303992718458176,
      0.9786959886550903
    ],
    [
      0.8474850058555603,
      0.15251506865024567
    ],
    [
      0.5575349926948547,
      0.44246503710746765
    ],
    [
      0.31711962819099426,
      0.6828804016113281
    ],
    [
      0.961280345916748,
      0.03871970996260643
    ],
    [
      0.8817034959793091,
      0.1182965487241745
    ],
    [
      0.9553638696670532,
      0.044636070728302
    ],
    [
      0.002227609511464834,
      0.9977723956108093
    ],
    [
      0.038991719484329224,
      0.9610083103179932
    ],
    [
      0.024673042818903923,
      0.9753270149230957
    ],
    [
      0.06820639222860336,
      0.9317936301231384
    ],
    [
      0.8142390251159668,
      0.18576093018054962
    ],
    [
      0.0025862716138362885,
      0.9974138140678406
    ],
    [
      0.13991843163967133,
      0.8600816130638123
    ],
    [
      0.7845607995986938,
      0.21543918550014496
    ],
    [
      0.6085999608039856,
      0.3914000988006592
    ],
    [
      0.8204708695411682,
      0.17952916026115417
    ],
    [
      0.6113786697387695,
      0.38862133026123047
    ],
    [
      0.6355802416801453,
      0.36441972851753235
    ],
    [
      0.3561301529407501,
      0.6438698172569275
    ],
    [
      0.006136797834187746,
      0.9938632249832153
    ],
    [
      0.1807321012020111,
      0.8192678689956665
    ],
    [
      0.10446181893348694,
      0.8955381512641907
    ],
    [
      0.002227609511464834,
      0.9977723956108093
    ],
    [
      0.9841466546058655,
      0.015853410586714745
    ],
    [
      0.053773365914821625,
      0.9462266564369202
    ],
    [
      0.8570141792297363,
      0.14298586547374725
    ],
    [
      0.29630377888679504,
      0.7036962509155273
    ],
    [
      0.2955652177333832,
      0.7044347524642944
    ],
    [
      0.9329500198364258,
      0.06704993546009064
    ],
    [
      0.9339004755020142,
      0.06609952449798584
    ],
    [
      0.5719702243804932,
      0.42802974581718445
    ],
    [
      0.013765530660748482,
      0.9862344861030579
    ],
    [
      0.36275920271873474,
      0.6372408270835876
    ],
    [
      0.14985424280166626,
      0.8501458168029785
    ],
    [
      0.043532032519578934,
      0.9564679861068726
    ],
    [
      0.0006091011455282569,
      0.9993908405303955
    ],
    [
      0.055537447333335876,
      0.9444625973701477
    ],
    [
      0.8851633667945862,
      0.114836685359478
    ],
    [
      0.9695608019828796,
      0.03043915517628193
    ],
    [
      0.4630471169948578,
      0.5369528532028198
    ],
    [
      0.9688569903373718,
      0.031143024563789368
    ],
    [
      0.13601802289485931,
      0.8639819622039795
    ],
    [
      0.006493878550827503,
      0.9935060739517212
    ],
    [
      0.0018718515057116747,
      0.9981281161308289
    ]
  ]
}