{
  "y_true": [
    0,
    0,
    0,
    1,
    0,
    1,
    1,
    1,
    1,
    1,
    1,
    0,
    0,
    1,
    1,
    1,
    0,
    0,
    1,
    1,
    0,
    0,
    1,
    0,
    1,
    0,
    1,
    1,
    1,
    0,
    0,
    1,
    1,
    0,
    0,
    1,
    0,
    0,
    1,
    1,
    1,
    0,
    1,
    1,
    0,
    1,
    1,
    1,
    1,
    0,
    1,
    1,
    0,
    1,
    1,
    0,
    1,
    0,
    1,
    0,
    1,
    0,
    0,
    1,
    1,
    1,
    0,
    0,
    1,
    1,
    1,
    1,
    1,
    1,
    0,
    0,
    1,
    0,
    1,
    1,
    0,
    1,
    1,
    0,
    1,
    1,
    0,
    1,
    0,
    1,
    1
  ],
  "y_pred": [
    0,
    0,
    0,
    1,
    0,
    1,
    1,
    1,
    1,
    1,
    1,
    0,
    0,
    1,
    0,
    1,
    0,
    0,
    1,
    1,
    0,
    0,
    0,
    0,
    1,
    0,
    1,
    1,
    1,
    0,
    0,
    1,
    1,
    0,
    0,
    1,
    0,
    0,
    1,
    1,
    1,
    0,
    1,
    1,
    0,
    1,
    1,
    1,
    1,
    0,
    1,
    1,
    0,
    1,
    1,
    0,
    1,
    0,
    1,
    0,
    1,
    0,
    0,
    1,
    0,
    1,
    0,
    0,
    1,
    1,
    1,
    0,
    1,
    1,
    0,
    0,
    1,
    0,
    1,
    1,
    0,
    1,
    1,
    0,
    1,
    1,
    0,
    1,
    0,
    1,
    1
  ],
  "y_probs": [
    [
      0.9892460703849792,
      0.010753854177892208
    ],
    [
      0.9633572101593018,
      0.036642853170633316
    ],
    [
      0.9672539830207825,
      0.03274599090218544
    ],
    [
      0.24858616292476654,
      0.7514138221740723
    ],
    [
      0.9493078589439392,
      0.05069219321012497
    ],
    [
      0.2580356299877167,
      0.7419643998146057
    ],
    [
      0.2772381603717804,
      0.7227618098258972
    ],
    [
      0.038981836289167404,
      0.9610181450843811
    ],
    [
      0.037360791116952896,
      0.9626391530036926
    ],
    [
      0.008827515877783298,
      0.9911724925041199
    ],
    [
      0.060279086232185364,
      0.9397209286689758
    ],
    [
      0.9258079528808594,
      0.07419203966856003
    ],
    [
      0.9378606081008911,
      0.06213941052556038
    ],
    [
      0.060204941779375076,
      0.9397950768470764
    ],
    [
      0.6939190030097961,
      0.30608102679252625
    ],
    [
      0.001504201558418572,
      0.9984958171844482
    ],
    [
      0.5827180743217468,
      0.41728195548057556
    ],
    [
      0.9105131030082703,
      0.08948688209056854
    ],
    [
      0.012729790061712265,
      0.9872702360153198
    ],
    [
      0.31245458126068115,
      0.6875454187393188
    ],
    [
      0.9758898615837097,
      0.024110067635774612
    ],
    [
      0.9758898615837097,
      0.024110067635774612
    ],
    [
      0.9999992847442627,
      7.047570420581906e-07
    ],
    [
      0.9768567681312561,
      0.023143254220485687
    ],
    [
      0.23583678901195526,
      0.7641632556915283
    ],
    [
      0.8233001232147217,
      0.17669987678527832
    ],
    [
      0.1687697023153305,
      0.8312302827835083
    ],
    [
      0.004179939161986113,
      0.9958200454711914
    ],
    [
      0.006376201286911964,
      0.9936237335205078
    ],
    [
      0.9930142760276794,
      0.006985774729400873
    ],
    [
      0.880455732345581,
      0.11954426020383835
    ],
    [
      0.0034095742739737034,
      0.9965904951095581
    ],
    [
      0.020550303161144257,
      0.9794497489929199
    ],
    [
      0.7605208158493042,
      0.23947913944721222
    ],
    [
      0.9897412061691284,
      0.010258822701871395
    ],
    [
      0.07836084067821503,
      0.921639084815979
    ],
    [
      0.8145124912261963,
      0.18548749387264252
    ],
    [
      0.9930142760276794,
      0.006985774729400873
    ],
    [
      0.08748268336057663,
      0.912517249584198
    ],
    [
      0.002510035177692771,
      0.9974899291992188
    ],
    [
      0.006512714549899101,
      0.9934872388839722
    ],
    [
      0.9249678254127502,
      0.07503218203783035
    ],
    [
      0.020550303161144257,
      0.9794497489929199
    ],
    [
      0.008827515877783298,
      0.9911724925041199
    ],
    [
      0.9347110390663147,
      0.0652889534831047
    ],
    [
      0.00036786647979170084,
      0.9996321201324463
    ],
    [
      0.019932648167014122,
      0.9800673127174377
    ],
    [
      0.0024485457688570023,
      0.9975515007972717
    ],
    [
      0.0951540619134903,
      0.9048459529876709
    ],
    [
      0.9873493313789368,
      0.012650660239160061
    ],
    [
      0.0425666943192482,
      0.95743328332901
    ],
    [
      0.11515027284622192,
      0.8848497271537781
    ],
    [
      0.9891141653060913,
      0.010885875672101974
    ],
    [
      0.35858768224716187,
      0.6414123177528381
    ],
    [
      0.4750910699367523,
      0.5249089598655701
    ],
    [
      0.973839282989502,
      0.02616070955991745
    ],
    [
      0.05894936993718147,
      0.9410505890846252
    ],
    [
      0.7897434234619141,
      0.21025657653808594
    ],
    [
      0.04121531918644905,
      0.9587847590446472
    ],
    [
      0.9636964797973633,
      0.03630354255437851
    ],
    [
      0.016054512932896614,
      0.9839455485343933
    ],
    [
      0.9904925227165222,
      0.009507503360509872
    ],
    [
      0.9913263916969299,
      0.008673558942973614
    ],
    [
      0.15562200546264648,
      0.8443779945373535
    ],
    [
      0.5826209783554077,
      0.4173790216445923
    ],
    [
      0.019447818398475647,
      0.9805521368980408
    ],
    [
      0.8658140301704407,
      0.13418595492839813
    ],
    [
      0.9672539830207825,
      0.03274599090218544
    ],
    [
      0.02754875086247921,
      0.9724512696266174
    ],
    [
      0.1587817370891571,
      0.8412182331085205
    ],
    [
      0.005891425535082817,
      0.9941085577011108
    ],
    [
      0.6739007234573364,
      0.3260992467403412
    ],
    [
      0.1978454291820526,
      0.802154541015625
    ],
    [
      0.16532759368419647,
      0.8346723914146423
    ],
    [
      0.973839282989502,
      0.02616070955991745
    ],
    [
      0.968052089214325,
      0.03194785118103027
    ],
    [
      0.04269322007894516,
      0.9573067426681519
    ],
    [
      0.9985346794128418,
      0.001465319306589663
    ],
    [
      0.01487521082162857,
      0.9851248264312744
    ],
    [
      0.011789191514253616,
      0.9882107973098755
    ],
    [
      0.9434167742729187,
      0.05658329650759697
    ],
    [
      0.0004127669963054359,
      0.9995872378349304
    ],
    [
      0.003240833291783929,
      0.9967592358589172
    ],
    [
      0.9588634371757507,
      0.041136596351861954
    ],
    [
      0.049413129687309265,
      0.9505869150161743
    ],
    [
      0.0070441667921841145,
      0.9929558038711548
    ],
    [
      0.9076560735702515,
      0.09234397113323212
    ],
    [
      0.013668480329215527,
      0.986331582069397
    ],
    [
      0.9760033488273621,
      0.02399669960141182
    ],
    [
      0.030366532504558563,
      0.9696334004402161
    ],
    [
      0.0004127669963054359,
      0.9995872378349304
    ]
  ]
}