{
  "y_true": [
    1,
    1,
    0,
    1,
    0,
    1,
    0,
    1,
    1,
    1,
    0,
    0,
    0,
    0,
    1,
    1,
    1,
    0,
    1,
    1,
    1,
    1,
    0,
    1,
    1,
    0,
    1,
    1,
    0,
    1,
    0,
    1,
    1,
    1,
    1,
    1,
    0,
    1,
    1,
    1,
    0,
    0,
    1,
    1,
    1,
    1,
    1,
    0,
    0,
    1,
    0,
    0,
    0,
    0,
    1,
    0,
    1,
    1,
    1,
    0,
    0,
    0,
    1,
    0,
    1,
    0,
    1,
    1,
    1,
    1,
    1,
    1,
    1,
    1,
    0,
    0,
    0,
    1,
    1,
    1,
    0,
    0,
    0,
    1,
    0,
    0,
    1,
    0,
    1,
    1,
    1
  ],
  "y_pred": [
    1,
    1,
    0,
    1,
    0,
    1,
    0,
    1,
    1,
    1,
    0,
    0,
    0,
    0,
    1,
    1,
    1,
    0,
    1,
    1,
    1,
    1,
    0,
    1,
    1,
    0,
    1,
    1,
    0,
    1,
    0,
    1,
    1,
    1,
    1,
    1,
    0,
    1,
    1,
    1,
    0,
    0,
    1,
    1,
    1,
    1,
    1,
    0,
    0,
    1,
    0,
    0,
    0,
    0,
    1,
    0,
    1,
    1,
    1,
    0,
    0,
    0,
    1,
    0,
    1,
    0,
    1,
    1,
    1,
    1,
    1,
    1,
    1,
    1,
    0,
    0,
    0,
    1,
    1,
    1,
    0,
    0,
    0,
    1,
    0,
    0,
    1,
    0,
    1,
    1,
    1
  ],
  "y_probs": [
    [
      3.374254220034345e-06,
      0.9999966621398926
    ],
    [
      5.749035687611925e-13,
      1.0
    ],
    [
      0.9991534948348999,
      0.0008465108694508672
    ],
    [
      0.0018502859165892005,
      0.9981497526168823
    ],
    [
      0.9999524354934692,
      4.761367381433956e-05
    ],
    [
      0.00016127062554005533,
      0.9998387098312378
    ],
    [
      0.9999986886978149,
      1.25262829442363e-06
    ],
    [
      1.0316887710359879e-05,
      0.9999896287918091
    ],
    [
      0.0021666926331818104,
      0.9978333115577698
    ],
    [
      1.4509068080315046e-07,
      0.9999998807907104
    ],
    [
      0.9990838766098022,
      0.000916078919544816
    ],
    [
      0.9998601675033569,
      0.00013975462934467942
    ],
    [
      0.9999253749847412,
      7.462999928975478e-05
    ],
    [
      0.9988161325454712,
      0.0011839451035484672
    ],
    [
      6.336795763672853e-07,
      0.9999994039535522
    ],
    [
      2.0147901125255885e-09,
      1.0
    ],
    [
      5.6807930377544835e-05,
      0.9999431371688843
    ],
    [
      0.9990641474723816,
      0.0009358717361465096
    ],
    [
      0.01398362498730421,
      0.9860163331031799
    ],
    [
      1.0348402690318892e-10,
      1.0
    ],
    [
      0.029929842799901962,
      0.9700701832771301
    ],
    [
      2.1881678413659955e-10,
      1.0
    ],
    [
      0.9995030164718628,
      0.0004969213623553514
    ],
    [
      3.257291547598129e-09,
      1.0
    ],
    [
      6.425466061998897e-12,
      1.0
    ],
    [
      0.9987906813621521,
      0.001209315494634211
    ],
    [
      4.235864548007839e-09,
      1.0
    ],
    [
      6.425466061998897e-12,
      1.0
    ],
    [
      0.9999879598617554,
      1.2097078069928102e-05
    ],
    [
      0.0009030250948853791,
      0.9990969896316528
    ],
    [
      0.9949957132339478,
      0.005004254635423422
    ],
    [
      0.05232270807027817,
      0.9476772546768188
    ],
    [
      1.1925949117141954e-09,
      1.0
    ],
    [
      1.540705852676183e-06,
      0.9999984502792358
    ],
    [
      0.0031990327406674623,
      0.9968008995056152
    ],
    [
      1.300963958783541e-07,
      0.9999998807907104
    ],
    [
      0.999786913394928,
      0.00021314936748240143
    ],
    [
      2.9848967048051733e-11,
      1.0
    ],
    [
      0.006460951175540686,
      0.993539035320282
    ],
    [
      3.7436260688639145e-12,
      1.0
    ],
    [
      0.9999973773956299,
      2.604401743155904e-06
    ],
    [
      0.9999942779541016,
      5.685058113158448e-06
    ],
    [
      0.0033570569939911366,
      0.9966429471969604
    ],
    [
      1.5534177464360255e-06,
      0.9999984502792358
    ],
    [
      1.3385458075276802e-08,
      1.0
    ],
    [
      1.0485859958109245e-09,
      1.0
    ],
    [
      0.010376767255365849,
      0.9896232485771179
    ],
    [
      0.9970225691795349,
      0.0029773926362395287
    ],
    [
      0.9943587183952332,
      0.005641285330057144
    ],
    [
      1.5534177464360255e-06,
      0.9999984502792358
    ],
    [
      0.9973445534706116,
      0.0026555187068879604
    ],
    [
      0.9999715089797974,
      2.843402762664482e-05
    ],
    [
      0.9999942779541016,
      5.685058113158448e-06
    ],
    [
      0.9999337196350098,
      6.623506487812847e-05
    ],
    [
      0.00018354288476984948,
      0.9998164772987366
    ],
    [
      1.0,
      2.4939744713847745e-11
    ],
    [
      0.00032078876392915845,
      0.9996792078018188
    ],
    [
      8.838791515104055e-14,
      1.0
    ],
    [
      6.484810342044511e-07,
      0.9999994039535522
    ],
    [
      0.9995095729827881,
      0.0004903878434561193
    ],
    [
      0.9999879598617554,
      1.2097078069928102e-05
    ],
    [
      0.9999877214431763,
      1.2220439202792477e-05
    ],
    [
      6.513741546143592e-09,
      1.0
    ],
    [
      0.9998914003372192,
      0.00010861421469599009
    ],
    [
      5.6807930377544835e-05,
      0.9999431371688843
    ],
    [
      0.9999961853027344,
      3.840944373223465e-06
    ],
    [
      1.3991793665546848e-19,
      1.0
    ],
    [
      0.00013977794151287526,
      0.9998601675033569
    ],
    [
      3.530837420839816e-05,
      0.999964714050293
    ],
    [
      5.411582151282346e-06,
      0.9999946355819702
    ],
    [
      0.0001769981172401458,
      0.9998230338096619
    ],
    [
      1.8288484060491328e-09,
      1.0
    ],
    [
      1.063533820878774e-20,
      1.0
    ],
    [
      3.719408414326608e-05,
      0.9999628067016602
    ],
    [
      0.9949900507926941,
      0.005009911023080349
    ],
    [
      0.9995757937431335,
      0.00042422613478265703
    ],
    [
      0.9998914003372192,
      0.00010861421469599009
    ],
    [
      1.5919978822633712e-13,
      1.0
    ],
    [
      0.00037524194340221584,
      0.9996247291564941
    ],
    [
      3.0775199775234796e-06,
      0.9999969005584717
    ],
    [
      0.9997543692588806,
      0.00024563889019191265
    ],
    [
      0.9990641474723816,
      0.0009358663228340447
    ],
    [
      0.9955340623855591,
      0.004465894773602486
    ],
    [
      7.291112226232195e-15,
      1.0
    ],
    [
      0.9960349202156067,
      0.003965059760957956
    ],
    [
      0.9986587762832642,
      0.0013411849504336715
    ],
    [
      1.1603472580701138e-16,
      1.0
    ],
    [
      0.9836609959602356,
      0.016339026391506195
    ],
    [
      0.0008474066271446645,
      0.9991525411605835
    ],
    [
      7.626341158584182e-08,
      0.9999998807907104
    ],
    [
      4.0648809318533097e-10,
      1.0
    ]
  ]
}