{
  "y_true": [
    1,
    0,
    1,
    0,
    1,
    0,
    1,
    1,
    0,
    0,
    0,
    1,
    1,
    0,
    1,
    0,
    0,
    0,
    0,
    1,
    1,
    0,
    1,
    1,
    1,
    0,
    0,
    1,
    1,
    1,
    0,
    1,
    1,
    1,
    1,
    1,
    1,
    1,
    1,
    1,
    0,
    0,
    0,
    1,
    0,
    1,
    1,
    1,
    1,
    0,
    1
  ],
  "y_pred": [
    1,
    0,
    1,
    0,
    1,
    0,
    1,
    0,
    0,
    0,
    1,
    1,
    1,
    0,
    0,
    0,
    0,
    0,
    1,
    0,
    0,
    1,
    1,
    0,
    1,
    0,
    0,
    1,
    1,
    1,
    0,
    1,
    0,
    0,
    1,
    0,
    1,
    1,
    1,
    1,
    0,
    0,
    1,
    1,
    0,
    1,
    0,
    1,
    1,
    1,
    1
  ],
  "y_probs": [
    [
      0.13257214426994324,
      0.8674278259277344
    ],
    [
      0.9684559106826782,
      0.03154408559203148
    ],
    [
      0.21771785616874695,
      0.7822821140289307
    ],
    [
      0.919123113155365,
      0.0808768942952156
    ],
    [
      0.06591935455799103,
      0.9340806007385254
    ],
    [
      0.9201915860176086,
      0.07980845123529434
    ],
    [
      0.04310941323637962,
      0.9568905830383301
    ],
    [
      0.7245597839355469,
      0.2754402756690979
    ],
    [
      0.924954354763031,
      0.0750456154346466
    ],
    [
      0.700714647769928,
      0.299285352230072
    ],
    [
      0.2561478912830353,
      0.7438521385192871
    ],
    [
      0.13034580647945404,
      0.8696542382240295
    ],
    [
      0.004474667366594076,
      0.9955253005027771
    ],
    [
      0.9693831205368042,
      0.030616946518421173
    ],
    [
      0.8674140572547913,
      0.13258589804172516
    ],
    [
      0.6696901321411133,
      0.33030983805656433
    ],
    [
      0.9320104718208313,
      0.0679895356297493
    ],
    [
      0.5304688811302185,
      0.4695310890674591
    ],
    [
      0.4362925887107849,
      0.5637074112892151
    ],
    [
      0.5557470917701721,
      0.44425293803215027
    ],
    [
      0.5869126915931702,
      0.41308730840682983
    ],
    [
      0.0019565923139452934,
      0.998043417930603
    ],
    [
      0.1012910008430481,
      0.8987089991569519
    ],
    [
      0.9721798896789551,
      0.027820056304335594
    ],
    [
      0.047482214868068695,
      0.9525178074836731
    ],
    [
      0.9682601690292358,
      0.031739797443151474
    ],
    [
      0.5509101152420044,
      0.4490898549556732
    ],
    [
      0.20232054591178894,
      0.7976794838905334
    ],
    [
      0.022834114730358124,
      0.977165937423706
    ],
    [
      0.017463253811001778,
      0.9825367331504822
    ],
    [
      0.9646269083023071,
      0.03537309169769287
    ],
    [
      0.04724988341331482,
      0.9527500867843628
    ],
    [
      0.5431630611419678,
      0.4568369388580322
    ],
    [
      0.8268651962280273,
      0.17313475906848907
    ],
    [
      0.006736101116985083,
      0.993263840675354
    ],
    [
      0.5286884903907776,
      0.4713115692138672
    ],
    [
      0.009517287835478783,
      0.9904826879501343
    ],
    [
      0.010362180881202221,
      0.9896378517150879
    ],
    [
      0.17673251032829285,
      0.8232674598693848
    ],
    [
      0.3139784336090088,
      0.6860215663909912
    ],
    [
      0.9905175566673279,
      0.009482430294156075
    ],
    [
      0.7745789289474487,
      0.2254210263490677
    ],
    [
      0.45185422897338867,
      0.5481457710266113
    ],
    [
      0.1244971826672554,
      0.87550288438797
    ],
    [
      0.9782978892326355,
      0.021702060475945473
    ],
    [
      0.35648050904273987,
      0.6435195207595825
    ],
    [
      0.6311390399932861,
      0.3688609004020691
    ],
    [
      0.11626633256673813,
      0.8837336301803589
    ],
    [
      0.009517481550574303,
      0.9904824495315552
    ],
    [
      0.2590225636959076,
      0.74097740650177
    ],
    [
      0.009438571520149708,
      0.9905614256858826
    ]
  ]
}