{
  "y_true": [
    1,
    1,
    1,
    1,
    0,
    0,
    1,
    0,
    0,
    0,
    1,
    1,
    1,
    1,
    0,
    1,
    0,
    0,
    1,
    0,
    0,
    0,
    1,
    1,
    0,
    1,
    0,
    1,
    1,
    1,
    1,
    1,
    1,
    0,
    1,
    1,
    1,
    1,
    1,
    1,
    1,
    1,
    0,
    0,
    0,
    1,
    1,
    0,
    1,
    1,
    0,
    1,
    1,
    1,
    0,
    1,
    1,
    1,
    1,
    1,
    0,
    1,
    0,
    0,
    1,
    1,
    1,
    0,
    0,
    0,
    0,
    0,
    1,
    0,
    0,
    1,
    1,
    1,
    1,
    0,
    0,
    1,
    1,
    1,
    1,
    0,
    1,
    1,
    0,
    0,
    0
  ],
  "y_pred": [
    1,
    1,
    1,
    1,
    0,
    0,
    1,
    0,
    0,
    0,
    1,
    1,
    1,
    1,
    0,
    0,
    0,
    0,
    1,
    0,
    0,
    0,
    1,
    1,
    0,
    1,
    0,
    1,
    1,
    1,
    1,
    1,
    1,
    0,
    1,
    1,
    1,
    1,
    1,
    1,
    1,
    1,
    0,
    0,
    0,
    1,
    1,
    0,
    1,
    1,
    0,
    1,
    1,
    1,
    0,
    1,
    1,
    0,
    1,
    1,
    0,
    1,
    0,
    0,
    1,
    1,
    1,
    0,
    0,
    0,
    0,
    0,
    1,
    0,
    1,
    1,
    1,
    1,
    0,
    1,
    0,
    1,
    1,
    1,
    1,
    0,
    1,
    1,
    0,
    0,
    0
  ],
  "y_probs": [
    [
      0.025171808898448944,
      0.9748281836509705
    ],
    [
      0.2155834138393402,
      0.7844166159629822
    ],
    [
      0.30032414197921753,
      0.6996757984161377
    ],
    [
      0.06594126671552658,
      0.9340587854385376
    ],
    [
      0.8784281015396118,
      0.1215718612074852
    ],
    [
      0.9784232974052429,
      0.02157668210566044
    ],
    [
      0.009937253780663013,
      0.9900627732276917
    ],
    [
      0.7822632789611816,
      0.21773670613765717
    ],
    [
      0.9899897575378418,
      0.010010205209255219
    ],
    [
      0.9821449518203735,
      0.017855076119303703
    ],
    [
      0.2873612344264984,
      0.712638795375824
    ],
    [
      0.011315167881548405,
      0.9886848330497742
    ],
    [
      0.00023799511836841702,
      0.9997619986534119
    ],
    [
      0.010235888883471489,
      0.9897640943527222
    ],
    [
      0.9314498901367188,
      0.06855006515979767
    ],
    [
      0.6909911632537842,
      0.3090088665485382
    ],
    [
      0.987450122833252,
      0.01254988368600607
    ],
    [
      0.9939664602279663,
      0.006033490877598524
    ],
    [
      0.0032367631793022156,
      0.9967632293701172
    ],
    [
      0.9604679346084595,
      0.039532050490379333
    ],
    [
      0.9273362755775452,
      0.07266365736722946
    ],
    [
      0.7787498831748962,
      0.22125017642974854
    ],
    [
      0.2240592986345291,
      0.7759407162666321
    ],
    [
      0.14612087607383728,
      0.8538791537284851
    ],
    [
      0.7390103340148926,
      0.2609897255897522
    ],
    [
      0.00830034725368023,
      0.9916996955871582
    ],
    [
      0.900769054889679,
      0.09923101961612701
    ],
    [
      0.07507146149873734,
      0.9249285459518433
    ],
    [
      0.03935382142663002,
      0.9606461524963379
    ],
    [
      0.007402470335364342,
      0.9925974607467651
    ],
    [
      0.024888992309570312,
      0.9751110076904297
    ],
    [
      0.002284103771671653,
      0.997715950012207
    ],
    [
      0.263731986284256,
      0.7362680435180664
    ],
    [
      0.5574018955230713,
      0.44259804487228394
    ],
    [
      0.007814479991793633,
      0.9921855330467224
    ],
    [
      0.04010093957185745,
      0.9598990678787231
    ],
    [
      0.004575701896101236,
      0.9954243302345276
    ],
    [
      0.4608095586299896,
      0.5391904711723328
    ],
    [
      0.1507197916507721,
      0.8492801785469055
    ],
    [
      0.00023799511836841702,
      0.9997619986534119
    ],
    [
      0.015512020327150822,
      0.9844879508018494
    ],
    [
      0.012639949098229408,
      0.9873600602149963
    ],
    [
      0.7507887482643127,
      0.2492111772298813
    ],
    [
      0.9929772019386292,
      0.007022772915661335
    ],
    [
      0.9412974119186401,
      0.05870257690548897
    ],
    [
      0.1467076987028122,
      0.8532922863960266
    ],
    [
      0.036307863891124725,
      0.9636921882629395
    ],
    [
      0.9162064790725708,
      0.08379346877336502
    ],
    [
      0.3684999942779541,
      0.6315000057220459
    ],
    [
      0.027169622480869293,
      0.9728303551673889
    ],
    [
      0.9354590177536011,
      0.06454094499349594
    ],
    [
      0.09503593295812607,
      0.9049640893936157
    ],
    [
      0.1778581142425537,
      0.8221418857574463
    ],
    [
      0.0010936623439192772,
      0.9989063739776611
    ],
    [
      0.9929772019386292,
      0.007022772915661335
    ],
    [
      0.1323270946741104,
      0.8676729202270508
    ],
    [
      0.1504005491733551,
      0.8495994806289673
    ],
    [
      0.6537357568740845,
      0.34626421332359314
    ],
    [
      0.14225497841835022,
      0.8577449917793274
    ],
    [
      0.04081131890416145,
      0.95918869972229
    ],
    [
      0.9978861212730408,
      0.0021138559095561504
    ],
    [
      0.11078393459320068,
      0.8892160654067993
    ],
    [
      0.9895526766777039,
      0.010447333566844463
    ],
    [
      0.9929793477058411,
      0.007020615041255951
    ],
    [
      0.009262926876544952,
      0.9907370209693909
    ],
    [
      0.048509951680898666,
      0.9514899849891663
    ],
    [
      0.004731222055852413,
      0.9952687621116638
    ],
    [
      0.9879623055458069,
      0.012037708424031734
    ],
    [
      0.9520784616470337,
      0.04792150482535362
    ],
    [
      0.9272025227546692,
      0.07279745489358902
    ],
    [
      0.877430260181427,
      0.12256971001625061
    ],
    [
      0.9604260325431824,
      0.03957394137978554
    ],
    [
      0.027820603922009468,
      0.9721793532371521
    ],
    [
      0.9754838347434998,
      0.024516118690371513
    ],
    [
      0.46383267641067505,
      0.536167323589325
    ],
    [
      0.020554421469569206,
      0.9794456362724304
    ],
    [
      0.000692385365255177,
      0.9993076324462891
    ],
    [
      0.03938933461904526,
      0.9606106877326965
    ],
    [
      1.0,
      1.0625897731153522e-11
    ],
    [
      0.4164809584617615,
      0.5835190415382385
    ],
    [
      0.9314504265785217,
      0.06854959577322006
    ],
    [
      0.023082967847585678,
      0.976917028427124
    ],
    [
      0.015512187965214252,
      0.9844878315925598
    ],
    [
      0.0074024684727191925,
      0.9925975799560547
    ],
    [
      0.07229334861040115,
      0.9277065992355347
    ],
    [
      0.9520783424377441,
      0.04792161285877228
    ],
    [
      0.10422450304031372,
      0.8957754969596863
    ],
    [
      0.0037844504695385695,
      0.9962155222892761
    ],
    [
      0.9821449518203735,
      0.017854999750852585
    ],
    [
      0.7964532971382141,
      0.2035466730594635
    ],
    [
      0.700089156627655,
      0.29991084337234497
    ]
  ]
}