{
  "y_true": [
    0,
    1,
    0,
    1,
    1,
    1,
    0,
    1,
    1,
    1,
    1,
    1,
    1,
    1,
    1,
    0,
    0,
    0,
    1,
    1,
    1,
    0,
    1,
    0,
    0,
    0,
    1,
    0,
    0,
    1,
    1,
    1,
    1,
    0,
    1,
    1,
    0,
    1,
    1,
    0,
    0,
    0,
    1,
    0,
    0,
    0,
    1,
    1,
    1,
    1,
    1
  ],
  "y_pred": [
    0,
    1,
    1,
    1,
    1,
    0,
    0,
    1,
    1,
    1,
    1,
    1,
    1,
    1,
    0,
    0,
    0,
    0,
    1,
    1,
    1,
    0,
    1,
    1,
    0,
    0,
    0,
    0,
    0,
    1,
    1,
    0,
    1,
    0,
    1,
    1,
    0,
    1,
    1,
    1,
    0,
    0,
    1,
    0,
    0,
    0,
    1,
    1,
    1,
    1,
    1
  ],
  "y_probs": [
    [
      0.9989622831344604,
      0.001037699286825955
    ],
    [
      0.2019813358783722,
      0.7980186939239502
    ],
    [
      0.011584802530705929,
      0.9884152412414551
    ],
    [
      0.004078051075339317,
      0.9959219694137573
    ],
    [
      0.06806977093219757,
      0.9319302439689636
    ],
    [
      0.8011332154273987,
      0.19886678457260132
    ],
    [
      0.8684120774269104,
      0.1315879076719284
    ],
    [
      0.002441245596855879,
      0.9975587129592896
    ],
    [
      0.05426155775785446,
      0.9457384347915649
    ],
    [
      0.0064971186220645905,
      0.9935029149055481
    ],
    [
      0.002601219806820154,
      0.9973987340927124
    ],
    [
      0.2611360251903534,
      0.738864004611969
    ],
    [
      0.4560694098472595,
      0.5439305305480957
    ],
    [
      0.058711327612400055,
      0.9412886500358582
    ],
    [
      0.9997968077659607,
      0.00020321526972111315
    ],
    [
      0.8515520691871643,
      0.1484479159116745
    ],
    [
      0.9984068274497986,
      0.0015931754605844617
    ],
    [
      0.984992504119873,
      0.015007443726062775
    ],
    [
      0.11975269764661789,
      0.8802472949028015
    ],
    [
      0.09467331320047379,
      0.9053267240524292
    ],
    [
      0.07885332405567169,
      0.9211466312408447
    ],
    [
      0.9880287051200867,
      0.011971309781074524
    ],
    [
      0.03245305269956589,
      0.9675469398498535
    ],
    [
      0.2803976833820343,
      0.7196023464202881
    ],
    [
      0.9683871269226074,
      0.03161291778087616
    ],
    [
      0.9926039576530457,
      0.007396044675260782
    ],
    [
      0.7671470046043396,
      0.2328529804944992
    ],
    [
      0.9642179012298584,
      0.0357821024954319
    ],
    [
      0.9628822207450867,
      0.037117794156074524
    ],
    [
      0.014620341360569,
      0.9853796362876892
    ],
    [
      0.001739904168061912,
      0.9982600808143616
    ],
    [
      0.718698263168335,
      0.28130173683166504
    ],
    [
      0.49149107933044434,
      0.5085089206695557
    ],
    [
      0.9780808091163635,
      0.021919162943959236
    ],
    [
      0.008322778157889843,
      0.9916772842407227
    ],
    [
      0.00774739496409893,
      0.9922526478767395
    ],
    [
      0.9683624505996704,
      0.031637534499168396
    ],
    [
      0.0034116292372345924,
      0.9965883493423462
    ],
    [
      0.031950097531080246,
      0.9680498838424683
    ],
    [
      0.0033577014692127705,
      0.9966423511505127
    ],
    [
      0.9951601624488831,
      0.004839797969907522
    ],
    [
      0.96004319190979,
      0.03995678201317787
    ],
    [
      0.000660466670524329,
      0.9993395209312439
    ],
    [
      0.9975743889808655,
      0.002425641054287553
    ],
    [
      0.7837926149368286,
      0.216207355260849
    ],
    [
      0.9290258288383484,
      0.07097414880990982
    ],
    [
      0.09210659563541412,
      0.9078933596611023
    ],
    [
      0.2471497356891632,
      0.7528502345085144
    ],
    [
      0.0017398637719452381,
      0.9982602000236511
    ],
    [
      0.0008387427078559995,
      0.9991612434387207
    ],
    [
      0.20372025668621063,
      0.7962797284126282
    ]
  ]
}