{
  "y_true": [
    1,
    1,
    0,
    1,
    1,
    1,
    0,
    1,
    1,
    0,
    0,
    1,
    0,
    1,
    1,
    0,
    1,
    0,
    0,
    1,
    1,
    1,
    0,
    1,
    0,
    1,
    1,
    0,
    1,
    1,
    1,
    1,
    1,
    1,
    0,
    1,
    0,
    1,
    0,
    0,
    1,
    1,
    1,
    0,
    0,
    0,
    1,
    1,
    0,
    1,
    0
  ],
  "y_pred": [
    1,
    1,
    0,
    1,
    1,
    1,
    0,
    1,
    1,
    0,
    0,
    1,
    1,
    1,
    1,
    1,
    1,
    0,
    0,
    1,
    1,
    1,
    0,
    0,
    0,
    1,
    1,
    0,
    1,
    1,
    1,
    0,
    1,
    1,
    0,
    1,
    0,
    1,
    0,
    0,
    0,
    1,
    1,
    1,
    0,
    0,
    1,
    0,
    0,
    1,
    0
  ],
  "y_probs": [
    [
      0.01102404110133648,
      0.988976001739502
    ],
    [
      0.001124695292674005,
      0.9988753199577332
    ],
    [
      0.9954778552055359,
      0.004522161558270454
    ],
    [
      0.002564327558502555,
      0.9974357485771179
    ],
    [
      0.00885672215372324,
      0.9911433458328247
    ],
    [
      0.003500544698908925,
      0.9964994192123413
    ],
    [
      0.9828097820281982,
      0.017190229147672653
    ],
    [
      0.0017493297345936298,
      0.9982506632804871
    ],
    [
      0.0263559240847826,
      0.9736440777778625
    ],
    [
      0.9896745085716248,
      0.010325433686375618
    ],
    [
      0.993596076965332,
      0.0064038787968456745
    ],
    [
      0.1163535788655281,
      0.8836463689804077
    ],
    [
      0.010439951904118061,
      0.9895600080490112
    ],
    [
      0.06029745191335678,
      0.9397025108337402
    ],
    [
      0.15982110798358917,
      0.8401788473129272
    ],
    [
      0.1294257938861847,
      0.8705742359161377
    ],
    [
      0.06108246371150017,
      0.9389175772666931
    ],
    [
      0.9971856474876404,
      0.002814394887536764
    ],
    [
      0.9376808404922485,
      0.06231915205717087
    ],
    [
      0.0017351435963064432,
      0.9982648491859436
    ],
    [
      0.0017351435963064432,
      0.9982648491859436
    ],
    [
      0.008882103487849236,
      0.9911178946495056
    ],
    [
      0.9477103352546692,
      0.05228966474533081
    ],
    [
      0.8088653087615967,
      0.19113466143608093
    ],
    [
      0.975674033164978,
      0.024326026439666748
    ],
    [
      0.009307827800512314,
      0.9906921982765198
    ],
    [
      0.03403087705373764,
      0.9659690856933594
    ],
    [
      0.5616487860679626,
      0.43835124373435974
    ],
    [
      0.116611547768116,
      0.8833884596824646
    ],
    [
      0.08475163578987122,
      0.9152483344078064
    ],
    [
      0.003026969963684678,
      0.9969730377197266
    ],
    [
      0.906548023223877,
      0.09345196932554245
    ],
    [
      0.014654054306447506,
      0.9853459596633911
    ],
    [
      0.03586290776729584,
      0.9641371369361877
    ],
    [
      0.7742049098014832,
      0.22579509019851685
    ],
    [
      0.15210877358913422,
      0.8478912711143494
    ],
    [
      0.89930659532547,
      0.10069341212511063
    ],
    [
      0.08554337173700333,
      0.9144566655158997
    ],
    [
      0.9318983554840088,
      0.06810159236192703
    ],
    [
      0.9936590790748596,
      0.006340876687318087
    ],
    [
      0.7499983310699463,
      0.2500016987323761
    ],
    [
      0.001385556417517364,
      0.9986144304275513
    ],
    [
      0.03425610065460205,
      0.965743899345398
    ],
    [
      0.13075953722000122,
      0.8692405223846436
    ],
    [
      0.9936661124229431,
      0.0063338205218315125
    ],
    [
      0.9907979965209961,
      0.009202019311487675
    ],
    [
      0.06288852542638779,
      0.937111496925354
    ],
    [
      0.584541380405426,
      0.415458619594574
    ],
    [
      0.9873546957969666,
      0.012645354494452477
    ],
    [
      0.0031151771545410156,
      0.9968847632408142
    ],
    [
      0.9874593019485474,
      0.012540704570710659
    ]
  ]
}