{
  "y_true": [
    1,
    1,
    1,
    1,
    1,
    0,
    1,
    1,
    1,
    0,
    0,
    0,
    1,
    1,
    1,
    0,
    1,
    0,
    0,
    0,
    1,
    1,
    0,
    1,
    0,
    0,
    0,
    1,
    0,
    0,
    1,
    1,
    1,
    0,
    0,
    1,
    1,
    1,
    1,
    1,
    0,
    1,
    0,
    1,
    0,
    1,
    1,
    1,
    1,
    1,
    0
  ],
  "y_pred": [
    1,
    1,
    1,
    1,
    1,
    1,
    1,
    1,
    1,
    0,
    0,
    0,
    1,
    1,
    1,
    0,
    0,
    0,
    0,
    0,
    0,
    1,
    0,
    1,
    0,
    0,
    0,
    1,
    0,
    0,
    1,
    1,
    1,
    0,
    0,
    1,
    1,
    1,
    1,
    1,
    0,
    0,
    0,
    0,
    0,
    1,
    1,
    1,
    1,
    1,
    0
  ],
  "y_probs": [
    [
      0.01962112821638584,
      0.9803788661956787
    ],
    [
      0.006986535154283047,
      0.9930134415626526
    ],
    [
      0.0036276853643357754,
      0.9963723421096802
    ],
    [
      0.0059175617061555386,
      0.9940823912620544
    ],
    [
      0.0611313059926033,
      0.9388687014579773
    ],
    [
      0.019098766148090363,
      0.9809011816978455
    ],
    [
      0.10861393809318542,
      0.891386091709137
    ],
    [
      0.1454588621854782,
      0.8545411229133606
    ],
    [
      0.003374687395989895,
      0.9966253042221069
    ],
    [
      0.9986392855644226,
      0.0013607103610411286
    ],
    [
      0.9752829074859619,
      0.024717072024941444
    ],
    [
      0.9629049897193909,
      0.03709498420357704
    ],
    [
      0.1485721617937088,
      0.8514278531074524
    ],
    [
      0.07579827308654785,
      0.9242017865180969
    ],
    [
      0.0022444790229201317,
      0.9977555871009827
    ],
    [
      0.9652437567710876,
      0.03475628048181534
    ],
    [
      0.834392786026001,
      0.16560718417167664
    ],
    [
      0.9926347136497498,
      0.007365337572991848
    ],
    [
      0.9839571714401245,
      0.016042765229940414
    ],
    [
      0.9965582489967346,
      0.00344174075871706
    ],
    [
      0.5555323362350464,
      0.4444676339626312
    ],
    [
      0.004859446547925472,
      0.995140552520752
    ],
    [
      0.5583935976028442,
      0.44160640239715576
    ],
    [
      0.05108782276511192,
      0.9489122033119202
    ],
    [
      0.9179595112800598,
      0.08204049617052078
    ],
    [
      0.9986866116523743,
      0.0013133565662428737
    ],
    [
      0.8686287999153137,
      0.13137121498584747
    ],
    [
      0.0010355227859690785,
      0.9989644289016724
    ],
    [
      0.9967098236083984,
      0.00329021830111742
    ],
    [
      0.9975009560585022,
      0.0024991007521748543
    ],
    [
      0.004508581478148699,
      0.9954914450645447
    ],
    [
      0.001296674832701683,
      0.9987033605575562
    ],
    [
      0.0013564133550971746,
      0.9986435770988464
    ],
    [
      0.98751300573349,
      0.012487025000154972
    ],
    [
      0.9875125288963318,
      0.012487429194152355
    ],
    [
      0.0025361436419188976,
      0.9974638223648071
    ],
    [
      0.020032396540045738,
      0.9799675941467285
    ],
    [
      0.009398799389600754,
      0.9906011819839478
    ],
    [
      0.020586105063557625,
      0.9794139266014099
    ],
    [
      0.011868166737258434,
      0.9881318807601929
    ],
    [
      0.987265944480896,
      0.012734105810523033
    ],
    [
      0.6043115258216858,
      0.3956885039806366
    ],
    [
      0.9988805651664734,
      0.0011194534599781036
    ],
    [
      0.7540562152862549,
      0.24594378471374512
    ],
    [
      0.994875967502594,
      0.00512407161295414
    ],
    [
      0.0073135532438755035,
      0.99268639087677
    ],
    [
      0.011326492764055729,
      0.9886735081672668
    ],
    [
      0.002806463511660695,
      0.9971935153007507
    ],
    [
      0.00038466870319098234,
      0.9996153116226196
    ],
    [
      0.004508613608777523,
      0.9954914450645447
    ],
    [
      0.9801130294799805,
      0.019886942580342293
    ]
  ]
}