{
  "y_true": [
    1,
    1,
    1,
    0,
    1,
    1,
    1,
    1,
    0,
    1,
    1,
    1,
    1,
    1,
    0,
    1,
    1,
    1,
    1,
    1,
    0,
    1,
    1,
    1,
    1,
    0,
    0,
    0,
    0,
    0,
    0,
    0,
    0,
    1,
    0,
    1,
    0,
    1,
    1,
    1,
    0,
    0,
    1,
    0,
    1,
    1,
    1,
    0,
    1,
    0,
    0
  ],
  "y_pred": [
    1,
    1,
    1,
    1,
    1,
    1,
    1,
    0,
    1,
    1,
    1,
    1,
    1,
    1,
    1,
    1,
    1,
    0,
    1,
    1,
    0,
    1,
    1,
    1,
    1,
    0,
    0,
    0,
    0,
    0,
    0,
    0,
    0,
    1,
    0,
    0,
    0,
    1,
    1,
    1,
    0,
    0,
    1,
    0,
    1,
    0,
    1,
    0,
    1,
    1,
    0
  ],
  "y_probs": [
    [
      0.24956415593624115,
      0.7504358291625977
    ],
    [
      0.26858219504356384,
      0.7314178347587585
    ],
    [
      0.24078933894634247,
      0.7592106461524963
    ],
    [
      0.1413613259792328,
      0.8586387038230896
    ],
    [
      0.04132642224431038,
      0.9586735963821411
    ],
    [
      0.002598122926428914,
      0.9974019527435303
    ],
    [
      0.4448232650756836,
      0.5551767349243164
    ],
    [
      0.815623939037323,
      0.18437610566616058
    ],
    [
      0.03773162513971329,
      0.9622683525085449
    ],
    [
      0.021954916417598724,
      0.9780451059341431
    ],
    [
      0.2258407473564148,
      0.7741592526435852
    ],
    [
      0.10715392976999283,
      0.8928460478782654
    ],
    [
      0.08114932477474213,
      0.9188507199287415
    ],
    [
      0.0032775201834738255,
      0.9967225193977356
    ],
    [
      0.06481709331274033,
      0.9351828694343567
    ],
    [
      0.01072430144995451,
      0.9892756938934326
    ],
    [
      0.016893042251467705,
      0.9831069707870483
    ],
    [
      0.6728352904319763,
      0.32716473937034607
    ],
    [
      0.01172284223139286,
      0.9882771372795105
    ],
    [
      0.4098048210144043,
      0.5901951789855957
    ],
    [
      0.9074628949165344,
      0.09253706783056259
    ],
    [
      0.13036669790744781,
      0.8696333169937134
    ],
    [
      0.473745197057724,
      0.5262548327445984
    ],
    [
      0.01172284223139286,
      0.9882771372795105
    ],
    [
      0.05787176638841629,
      0.9421282410621643
    ],
    [
      0.9104403257369995,
      0.08955959975719452
    ],
    [
      0.9947206974029541,
      0.0052793556824326515
    ],
    [
      0.9775527715682983,
      0.022447189316153526
    ],
    [
      0.9849961996078491,
      0.01500382274389267
    ],
    [
      0.8383124470710754,
      0.16168756783008575
    ],
    [
      0.9155072569847107,
      0.08449278771877289
    ],
    [
      0.9106084704399109,
      0.08939150720834732
    ],
    [
      0.8886998891830444,
      0.11130014806985855
    ],
    [
      0.004187935497611761,
      0.9958119988441467
    ],
    [
      0.976421058177948,
      0.0235789492726326
    ],
    [
      0.5099421739578247,
      0.4900578558444977
    ],
    [
      0.9913439750671387,
      0.008656011894345284
    ],
    [
      0.0050107743591070175,
      0.9949892163276672
    ],
    [
      0.23542536795139313,
      0.7645745873451233
    ],
    [
      0.2153628021478653,
      0.7846372127532959
    ],
    [
      0.9960933327674866,
      0.003906721714884043
    ],
    [
      0.8406758308410645,
      0.15932419896125793
    ],
    [
      0.0027382569387555122,
      0.9972617626190186
    ],
    [
      0.8587068319320679,
      0.14129316806793213
    ],
    [
      0.012979456223547459,
      0.9870206117630005
    ],
    [
      0.59644615650177,
      0.40355387330055237
    ],
    [
      0.2047579139471054,
      0.7952420711517334
    ],
    [
      0.8145448565483093,
      0.1854551136493683
    ],
    [
      0.05284716933965683,
      0.947152853012085
    ],
    [
      0.49389538168907166,
      0.506104588508606
    ],
    [
      0.6369687914848328,
      0.3630312383174896
    ]
  ]
}