{
  "y_true": [
    1,
    0,
    1,
    1,
    0,
    0,
    1,
    0,
    1,
    1,
    0,
    1,
    1,
    1,
    1,
    1,
    0,
    1,
    1,
    0,
    1,
    1,
    1,
    0,
    1,
    1,
    0,
    1,
    1,
    0,
    0,
    1,
    1,
    1,
    1,
    1,
    1,
    0,
    1,
    0,
    1,
    0,
    0,
    1,
    1,
    1,
    0,
    0,
    0,
    0,
    0
  ],
  "y_pred": [
    1,
    0,
    1,
    1,
    0,
    0,
    1,
    1,
    1,
    1,
    0,
    1,
    1,
    1,
    1,
    1,
    0,
    1,
    1,
    1,
    1,
    1,
    1,
    0,
    1,
    1,
    0,
    0,
    0,
    0,
    0,
    1,
    1,
    1,
    1,
    1,
    1,
    0,
    1,
    0,
    1,
    1,
    0,
    1,
    1,
    1,
    0,
    1,
    0,
    0,
    0
  ],
  "y_probs": [
    [
      2.9237085982458666e-05,
      0.9999707937240601
    ],
    [
      0.9995868802070618,
      0.0004131463065277785
    ],
    [
      0.00020127245807088912,
      0.9997987151145935
    ],
    [
      7.974248001119122e-05,
      0.9999202489852905
    ],
    [
      0.9999681711196899,
      3.188423943356611e-05
    ],
    [
      0.9966088533401489,
      0.0033911915961652994
    ],
    [
      0.04345282167196274,
      0.956547200679779
    ],
    [
      0.0005085865268483758,
      0.9994913339614868
    ],
    [
      0.0005874578491784632,
      0.9994125366210938
    ],
    [
      0.050673481076955795,
      0.9493265151977539
    ],
    [
      0.9999730587005615,
      2.693819988053292e-05
    ],
    [
      9.622290235711262e-07,
      0.9999990463256836
    ],
    [
      3.128286334685981e-05,
      0.9999687671661377
    ],
    [
      0.012608173303306103,
      0.9873917698860168
    ],
    [
      6.872513154121407e-07,
      0.9999992847442627
    ],
    [
      0.004912022966891527,
      0.9950880408287048
    ],
    [
      0.9896801114082336,
      0.010319825261831284
    ],
    [
      0.010056735016405582,
      0.989943265914917
    ],
    [
      2.0238344404788222e-06,
      0.9999979734420776
    ],
    [
      0.3016664385795593,
      0.6983336210250854
    ],
    [
      5.7207391364499927e-05,
      0.9999427795410156
    ],
    [
      0.077137790620327,
      0.9228622317314148
    ],
    [
      2.3474653062294237e-05,
      0.9999765157699585
    ],
    [
      0.9865837693214417,
      0.013416200876235962
    ],
    [
      0.0005867865984328091,
      0.999413251876831
    ],
    [
      0.016955988481640816,
      0.9830440878868103
    ],
    [
      0.9027669429779053,
      0.09723307937383652
    ],
    [
      0.7847371697425842,
      0.2152627855539322
    ],
    [
      0.5393036007881165,
      0.46069636940956116
    ],
    [
      0.999777615070343,
      0.00022237797384150326
    ],
    [
      0.970207154750824,
      0.029792824760079384
    ],
    [
      1.3111516636854503e-06,
      0.9999986886978149
    ],
    [
      0.0004416209412738681,
      0.9995583891868591
    ],
    [
      0.00015457917470484972,
      0.9998453855514526
    ],
    [
      5.381310256780125e-05,
      0.9999462366104126
    ],
    [
      0.00031775134266354144,
      0.9996823072433472
    ],
    [
      0.03121456690132618,
      0.9687854051589966
    ],
    [
      0.9993953704833984,
      0.0006046457565389574
    ],
    [
      0.0013184763956815004,
      0.9986814856529236
    ],
    [
      0.9940640330314636,
      0.005935971159487963
    ],
    [
      0.003936425782740116,
      0.9960635304450989
    ],
    [
      0.05569315701723099,
      0.9443068504333496
    ],
    [
      0.9950941801071167,
      0.004905777983367443
    ],
    [
      9.622290235711262e-07,
      0.9999990463256836
    ],
    [
      6.0911712353117764e-05,
      0.9999390840530396
    ],
    [
      3.089024005475949e-07,
      0.9999996423721313
    ],
    [
      0.9999446868896484,
      5.5365617299685255e-05
    ],
    [
      1.1977942449448165e-05,
      0.9999880790710449
    ],
    [
      0.9914488196372986,
      0.008551135659217834
    ],
    [
      0.9999985694885254,
      1.3899169744036044e-06
    ],
    [
      0.6976161003112793,
      0.3023839294910431
    ]
  ]
}