{
  "y_true": [
    1,
    0,
    1,
    1,
    0,
    1,
    0,
    0,
    1,
    1,
    1,
    0,
    1,
    1,
    1,
    0,
    0,
    1,
    1,
    0,
    1,
    1,
    0,
    1,
    0,
    1,
    0,
    1,
    0,
    0,
    0,
    1,
    1,
    1,
    1,
    0,
    1,
    1,
    0,
    1,
    1,
    1,
    0,
    1,
    1,
    1,
    0,
    0,
    1,
    1,
    0
  ],
  "y_pred": [
    1,
    0,
    1,
    1,
    0,
    1,
    0,
    0,
    1,
    1,
    1,
    0,
    1,
    1,
    1,
    0,
    0,
    1,
    1,
    0,
    1,
    1,
    1,
    1,
    0,
    1,
    0,
    1,
    1,
    0,
    0,
    1,
    1,
    1,
    1,
    0,
    1,
    0,
    0,
    0,
    1,
    1,
    0,
    1,
    0,
    1,
    0,
    1,
    1,
    1,
    0
  ],
  "y_probs": [
    [
      0.015744410455226898,
      0.9842556118965149
    ],
    [
      0.9970481991767883,
      0.0029518157243728638
    ],
    [
      0.4917018711566925,
      0.5082981586456299
    ],
    [
      0.03700092434883118,
      0.9629991054534912
    ],
    [
      0.8375652432441711,
      0.16243478655815125
    ],
    [
      0.026481203734874725,
      0.9735187888145447
    ],
    [
      0.9879599809646606,
      0.012039999477565289
    ],
    [
      0.9320151805877686,
      0.06798486411571503
    ],
    [
      0.0005342888762243092,
      0.9994657635688782
    ],
    [
      0.17379885911941528,
      0.8262011408805847
    ],
    [
      0.010151817463338375,
      0.9898481965065002
    ],
    [
      0.9863600134849548,
      0.013640017248690128
    ],
    [
      0.058038145303726196,
      0.9419618248939514
    ],
    [
      0.18589924275875092,
      0.8141007423400879
    ],
    [
      0.3183371424674988,
      0.6816627979278564
    ],
    [
      0.9651776552200317,
      0.03482232987880707
    ],
    [
      0.9778270125389099,
      0.02217295579612255
    ],
    [
      0.0409809947013855,
      0.9590189456939697
    ],
    [
      0.013747544959187508,
      0.98625248670578
    ],
    [
      0.9979373216629028,
      0.0020626718178391457
    ],
    [
      0.14628297090530396,
      0.853717029094696
    ],
    [
      0.31342607736587524,
      0.6865739226341248
    ],
    [
      0.3531871736049652,
      0.6468127965927124
    ],
    [
      0.013741261325776577,
      0.9862587451934814
    ],
    [
      0.9756483435630798,
      0.024351662024855614
    ],
    [
      0.006443612743169069,
      0.9935563206672668
    ],
    [
      0.8846337795257568,
      0.11536617577075958
    ],
    [
      0.17382630705833435,
      0.8261736631393433
    ],
    [
      0.008001229725778103,
      0.9919987320899963
    ],
    [
      0.9370435476303101,
      0.06295640021562576
    ],
    [
      0.9782317280769348,
      0.021768251433968544
    ],
    [
      0.007361873053014278,
      0.992638111114502
    ],
    [
      0.0026428995188325644,
      0.9973570704460144
    ],
    [
      0.056828420609235764,
      0.9431716203689575
    ],
    [
      0.3761461675167084,
      0.6238538026809692
    ],
    [
      0.9971477389335632,
      0.002852250821888447
    ],
    [
      0.035176657140254974,
      0.964823305606842
    ],
    [
      0.8230495452880859,
      0.17695043981075287
    ],
    [
      0.8681741952896118,
      0.13182586431503296
    ],
    [
      0.6621484756469727,
      0.33785152435302734
    ],
    [
      0.05033843219280243,
      0.9496616125106812
    ],
    [
      0.04729980602860451,
      0.9527001976966858
    ],
    [
      0.9790986776351929,
      0.02090129628777504
    ],
    [
      0.013747544959187508,
      0.98625248670578
    ],
    [
      0.7242582440376282,
      0.2757418155670166
    ],
    [
      0.19009706377983093,
      0.8099029064178467
    ],
    [
      0.9852853417396545,
      0.014714663848280907
    ],
    [
      0.016445189714431763,
      0.9835547804832458
    ],
    [
      0.014043290168046951,
      0.9859566688537598
    ],
    [
      0.008896871469914913,
      0.9911031723022461
    ],
    [
      0.952190101146698,
      0.04780997335910797
    ]
  ]
}