{
  "y_true": [
    1,
    0,
    1,
    0,
    1,
    1,
    0,
    1,
    0,
    0,
    1,
    1,
    0,
    1,
    0,
    1,
    1,
    0,
    0,
    0,
    1,
    1,
    1,
    1,
    1,
    1,
    1,
    1,
    0,
    1,
    0,
    1,
    0,
    1,
    0,
    0,
    0,
    0,
    1,
    1,
    0,
    1,
    1,
    0,
    1,
    1,
    1,
    1,
    1,
    1,
    0
  ],
  "y_pred": [
    1,
    0,
    1,
    0,
    1,
    1,
    0,
    1,
    0,
    1,
    1,
    1,
    0,
    1,
    0,
    1,
    1,
    0,
    0,
    0,
    1,
    1,
    1,
    1,
    1,
    1,
    1,
    1,
    0,
    1,
    0,
    1,
    1,
    1,
    0,
    0,
    0,
    0,
    1,
    1,
    0,
    1,
    1,
    0,
    1,
    1,
    1,
    1,
    1,
    1,
    0
  ],
  "y_probs": [
    [
      5.172569750386635e-19,
      1.0
    ],
    [
      0.9980940222740173,
      0.001905938726849854
    ],
    [
      1.9771274310187437e-05,
      0.9999802112579346
    ],
    [
      0.6218757033348083,
      0.37812426686286926
    ],
    [
      1.1717784674427495e-13,
      1.0
    ],
    [
      4.5420750494074014e-11,
      1.0
    ],
    [
      0.9999963045120239,
      3.6776348224520916e-06
    ],
    [
      6.816988922138389e-16,
      1.0
    ],
    [
      0.9999622106552124,
      3.782289786613546e-05
    ],
    [
      0.004141347482800484,
      0.9958586096763611
    ],
    [
      1.5825686183209122e-15,
      1.0
    ],
    [
      3.5157042208022737e-12,
      1.0
    ],
    [
      0.9999996423721313,
      3.8099491916909756e-07
    ],
    [
      0.0019422357436269522,
      0.9980577826499939
    ],
    [
      0.9999028444290161,
      9.713939653011039e-05
    ],
    [
      6.63270737534256e-16,
      1.0
    ],
    [
      6.816988922138389e-16,
      1.0
    ],
    [
      0.9999998807907104,
      8.723587541226152e-08
    ],
    [
      0.9999420642852783,
      5.7924986322177574e-05
    ],
    [
      0.9999125003814697,
      8.743868238525465e-05
    ],
    [
      1.4417940582753253e-12,
      1.0
    ],
    [
      1.4854776964057237e-05,
      0.9999850988388062
    ],
    [
      2.426744135503034e-12,
      1.0
    ],
    [
      1.199486338162789e-13,
      1.0
    ],
    [
      0.037237461656332016,
      0.9627625942230225
    ],
    [
      8.548071215233187e-16,
      1.0
    ],
    [
      9.597420284990221e-05,
      0.9999040365219116
    ],
    [
      1.1320636303935316e-06,
      0.999998927116394
    ],
    [
      0.9999678134918213,
      3.214907701476477e-05
    ],
    [
      1.5829363644512262e-12,
      1.0
    ],
    [
      0.9999991655349731,
      8.667476549817366e-07
    ],
    [
      3.413358535878081e-20,
      1.0
    ],
    [
      7.085293503496096e-26,
      1.0
    ],
    [
      1.1948501264680505e-22,
      1.0
    ],
    [
      0.9997774958610535,
      0.0002224920754088089
    ],
    [
      0.9999994039535522,
      6.330410542432219e-07
    ],
    [
      0.9999995231628418,
      4.982416044185811e-07
    ],
    [
      0.9886687397956848,
      0.011331240646541119
    ],
    [
      1.7803382032499648e-11,
      1.0
    ],
    [
      9.429339947741866e-11,
      1.0
    ],
    [
      0.9999467134475708,
      5.333720037015155e-05
    ],
    [
      0.00027689163107424974,
      0.9997231364250183
    ],
    [
      5.561830869429342e-22,
      1.0
    ],
    [
      0.9999557733535767,
      4.4243632146390155e-05
    ],
    [
      8.456054638372734e-05,
      0.9999154806137085
    ],
    [
      2.7740979930968024e-06,
      0.9999972581863403
    ],
    [
      7.491868814213376e-07,
      0.9999992847442627
    ],
    [
      0.00022942532086744905,
      0.9997705817222595
    ],
    [
      3.5336393099799634e-13,
      1.0
    ],
    [
      0.0089755579829216,
      0.9910244941711426
    ],
    [
      1.0,
      2.452565261990003e-08
    ]
  ]
}