{
  "y_true": [
    0,
    1,
    0,
    0,
    1,
    1,
    1,
    0,
    1,
    1,
    1,
    1,
    0,
    1,
    1,
    1,
    0,
    1,
    1,
    1,
    1,
    0,
    1,
    1,
    1,
    1,
    1,
    1,
    1,
    0,
    0,
    0,
    1,
    1,
    1,
    1,
    0,
    0,
    0,
    1,
    0,
    0,
    0,
    1,
    0,
    1,
    1,
    0,
    1,
    1,
    1,
    0,
    1,
    1,
    0,
    1,
    1,
    0,
    1,
    0,
    0,
    1,
    1,
    1,
    1,
    1,
    0,
    0,
    1,
    0,
    1,
    0,
    0,
    0,
    1,
    1,
    0,
    0,
    0,
    1,
    1,
    1,
    1,
    0,
    0,
    0,
    1,
    0,
    1,
    1,
    1
  ],
  "y_pred": [
    0,
    1,
    0,
    0,
    1,
    1,
    1,
    0,
    1,
    1,
    1,
    1,
    0,
    1,
    1,
    1,
    0,
    1,
    1,
    1,
    1,
    0,
    1,
    1,
    1,
    1,
    1,
    1,
    1,
    0,
    0,
    0,
    1,
    1,
    1,
    1,
    0,
    0,
    0,
    1,
    0,
    0,
    0,
    1,
    0,
    1,
    1,
    0,
    1,
    1,
    1,
    0,
    1,
    1,
    0,
    1,
    1,
    0,
    1,
    0,
    0,
    1,
    1,
    1,
    1,
    1,
    0,
    0,
    1,
    0,
    1,
    0,
    0,
    0,
    1,
    1,
    0,
    0,
    0,
    1,
    1,
    1,
    1,
    0,
    0,
    0,
    1,
    0,
    1,
    1,
    1
  ],
  "y_probs": [
    [
      0.964643657207489,
      0.035356320440769196
    ],
    [
      0.0002353284799028188,
      0.999764621257782
    ],
    [
      0.9945030212402344,
      0.005496966652572155
    ],
    [
      0.9986598491668701,
      0.0013401646865531802
    ],
    [
      0.0004464657686185092,
      0.9995535016059875
    ],
    [
      0.0007255334057845175,
      0.9992744326591492
    ],
    [
      0.03279736265540123,
      0.9672026038169861
    ],
    [
      0.9983258843421936,
      0.0016741602448746562
    ],
    [
      0.00033829177846200764,
      0.9996616840362549
    ],
    [
      0.32919183373451233,
      0.6708081960678101
    ],
    [
      0.008746991865336895,
      0.9912529587745667
    ],
    [
      0.0008111324859783053,
      0.9991888403892517
    ],
    [
      0.9124136567115784,
      0.08758632093667984
    ],
    [
      0.0003757360973395407,
      0.9996242523193359
    ],
    [
      0.002435449743643403,
      0.9975645542144775
    ],
    [
      0.0011601400328800082,
      0.9988399147987366
    ],
    [
      0.9950498938560486,
      0.004950080532580614
    ],
    [
      8.683339729032014e-06,
      0.9999912977218628
    ],
    [
      0.0047533526085317135,
      0.9952467083930969
    ],
    [
      0.00017291810945607722,
      0.9998270869255066
    ],
    [
      0.0007845889776945114,
      0.9992153644561768
    ],
    [
      0.9982465505599976,
      0.0017534838989377022
    ],
    [
      0.0019966652616858482,
      0.9980033040046692
    ],
    [
      0.0007364219054579735,
      0.9992635846138
    ],
    [
      0.023921484127640724,
      0.9760785102844238
    ],
    [
      0.020580708980560303,
      0.9794193506240845
    ],
    [
      0.00012382301792968065,
      0.9998761415481567
    ],
    [
      0.0002353284799028188,
      0.999764621257782
    ],
    [
      0.00014062887930776924,
      0.9998593330383301
    ],
    [
      0.9986055493354797,
      0.0013944202801212668
    ],
    [
      0.9990025162696838,
      0.0009974977001547813
    ],
    [
      0.9982781410217285,
      0.0017218301072716713
    ],
    [
      0.04752339422702789,
      0.9524765610694885
    ],
    [
      6.028409188729711e-05,
      0.9999396800994873
    ],
    [
      0.005584375001490116,
      0.9944156408309937
    ],
    [
      0.0003804558655247092,
      0.9996194839477539
    ],
    [
      0.9942291975021362,
      0.005770767107605934
    ],
    [
      0.9825332164764404,
      0.017466820776462555
    ],
    [
      0.9994863271713257,
      0.0005136114195920527
    ],
    [
      0.029975468292832375,
      0.9700245261192322
    ],
    [
      0.9979173541069031,
      0.002082593273371458
    ],
    [
      0.947519063949585,
      0.052480921149253845
    ],
    [
      0.9022092223167419,
      0.09779077023267746
    ],
    [
      0.0003918176225852221,
      0.9996082186698914
    ],
    [
      0.9942291975021362,
      0.005770767107605934
    ],
    [
      0.00968604814261198,
      0.9903139472007751
    ],
    [
      0.0014826836995780468,
      0.9985173344612122
    ],
    [
      0.9990623593330383,
      0.0009375977097079158
    ],
    [
      0.0007770057418383658,
      0.999222993850708
    ],
    [
      0.0061255586333572865,
      0.9938743710517883
    ],
    [
      0.0022712249774485826,
      0.9977287650108337
    ],
    [
      0.9717128872871399,
      0.028287062421441078
    ],
    [
      5.764411525888136e-06,
      0.9999942779541016
    ],
    [
      2.0320121620898135e-05,
      0.9999797344207764
    ],
    [
      0.9950569868087769,
      0.004942966625094414
    ],
    [
      0.0031982348300516605,
      0.9968017339706421
    ],
    [
      0.0016154958866536617,
      0.9983844757080078
    ],
    [
      0.9982781410217285,
      0.0017218301072716713
    ],
    [
      0.006375856697559357,
      0.9936240911483765
    ],
    [
      0.886946976184845,
      0.11305296421051025
    ],
    [
      0.8767726421356201,
      0.12322733551263809
    ],
    [
      0.00014796540199313313,
      0.9998520612716675
    ],
    [
      0.00033829177846200764,
      0.9996616840362549
    ],
    [
      5.89645742365974e-06,
      0.999994158744812
    ],
    [
      4.428326792549342e-05,
      0.9999557733535767
    ],
    [
      0.00045020956895314157,
      0.9995498061180115
    ],
    [
      0.998890221118927,
      0.0011097763199359179
    ],
    [
      0.9894757270812988,
      0.01052428875118494
    ],
    [
      0.0002721634227782488,
      0.9997277855873108
    ],
    [
      0.9992936849594116,
      0.0007063291850499809
    ],
    [
      0.006672109477221966,
      0.9933278560638428
    ],
    [
      0.964643657207489,
      0.035356320440769196
    ],
    [
      0.9859965443611145,
      0.014003515243530273
    ],
    [
      0.9945015907287598,
      0.0054984609596431255
    ],
    [
      0.002238884102553129,
      0.9977611303329468
    ],
    [
      0.0016917403554543853,
      0.9983083009719849
    ],
    [
      0.9251400232315063,
      0.07485994696617126
    ],
    [
      0.999045193195343,
      0.0009548355010338128
    ],
    [
      0.9980400204658508,
      0.0019600323867052794
    ],
    [
      0.005321586038917303,
      0.9946783781051636
    ],
    [
      0.0012347938027232885,
      0.998765230178833
    ],
    [
      0.0006641817162744701,
      0.9993358254432678
    ],
    [
      0.0018986688228324056,
      0.9981014132499695
    ],
    [
      0.9962969422340393,
      0.0037030174862593412
    ],
    [
      0.9977789521217346,
      0.0022210481110960245
    ],
    [
      0.9922226071357727,
      0.007777408231049776
    ],
    [
      7.421185000566766e-05,
      0.9999257326126099
    ],
    [
      0.9922226071357727,
      0.007777408231049776
    ],
    [
      0.0016870646504685283,
      0.9983129501342773
    ],
    [
      0.005556795746088028,
      0.9944432377815247
    ],
    [
      0.001160148298367858,
      0.9988399147987366
    ]
  ]
}