{
  "y_true": [
    1,
    0,
    1,
    0,
    1,
    0,
    0,
    0,
    1,
    0,
    1,
    1,
    1,
    0,
    1,
    1,
    1,
    0,
    1,
    1,
    0,
    1,
    0,
    0,
    1,
    0,
    0,
    0,
    1,
    1,
    0,
    1,
    1,
    1,
    1,
    0,
    1,
    1,
    1,
    0,
    1,
    0,
    1,
    1,
    1,
    0,
    1,
    0,
    1,
    1,
    1,
    1,
    0,
    1,
    0,
    1,
    0,
    1,
    0,
    1,
    0,
    0,
    1,
    0,
    0,
    1,
    1,
    1,
    1,
    1,
    0,
    1,
    1,
    1,
    1,
    0,
    1,
    0,
    0,
    0,
    1,
    0,
    0,
    1,
    1,
    1,
    1,
    0,
    1,
    1,
    1
  ],
  "y_pred": [
    1,
    0,
    1,
    0,
    1,
    0,
    0,
    0,
    1,
    0,
    1,
    1,
    1,
    0,
    1,
    1,
    1,
    0,
    1,
    1,
    0,
    1,
    0,
    0,
    1,
    0,
    0,
    0,
    1,
    1,
    0,
    1,
    1,
    1,
    1,
    0,
    1,
    1,
    1,
    0,
    1,
    0,
    1,
    1,
    1,
    0,
    1,
    0,
    1,
    1,
    1,
    1,
    0,
    1,
    0,
    1,
    0,
    1,
    0,
    1,
    0,
    0,
    1,
    0,
    0,
    1,
    1,
    1,
    1,
    1,
    0,
    1,
    0,
    1,
    1,
    0,
    1,
    0,
    0,
    0,
    1,
    0,
    0,
    1,
    1,
    1,
    1,
    0,
    1,
    1,
    1
  ],
  "y_probs": [
    [
      0.0014070008182898164,
      0.9985930323600769
    ],
    [
      0.9993307590484619,
      0.0006692863535135984
    ],
    [
      0.041394367814064026,
      0.9586055874824524
    ],
    [
      0.9980953335762024,
      0.0019046120578423142
    ],
    [
      0.0029257009737193584,
      0.9970742464065552
    ],
    [
      0.9990027546882629,
      0.0009972469415515661
    ],
    [
      0.9910430908203125,
      0.008956846781075
    ],
    [
      0.9909447431564331,
      0.009055226109921932
    ],
    [
      0.008294587023556232,
      0.9917054176330566
    ],
    [
      0.9890457391738892,
      0.010954270139336586
    ],
    [
      0.0060010491870343685,
      0.9939990043640137
    ],
    [
      0.0074945599772036076,
      0.9925053715705872
    ],
    [
      0.00212313374504447,
      0.9978768825531006
    ],
    [
      0.9992289543151855,
      0.0007710051140747964
    ],
    [
      0.0016684612492099404,
      0.998331606388092
    ],
    [
      0.014198211953043938,
      0.9858017563819885
    ],
    [
      0.011772838421165943,
      0.9882271885871887
    ],
    [
      0.9989868998527527,
      0.0010130965383723378
    ],
    [
      4.886346869170666e-05,
      0.9999511241912842
    ],
    [
      0.03342167288064957,
      0.9665783643722534
    ],
    [
      0.9978681802749634,
      0.002131766639649868
    ],
    [
      0.00390934944152832,
      0.9960905909538269
    ],
    [
      0.998803973197937,
      0.0011960190022364259
    ],
    [
      0.9988381266593933,
      0.0011619416764006019
    ],
    [
      0.0036719334311783314,
      0.9963280558586121
    ],
    [
      0.995830237865448,
      0.00416974164545536
    ],
    [
      0.9970284104347229,
      0.002971634268760681
    ],
    [
      0.9529312252998352,
      0.0470687672495842
    ],
    [
      0.008099379949271679,
      0.9919006824493408
    ],
    [
      0.0057950434274971485,
      0.9942049384117126
    ],
    [
      0.9990726709365845,
      0.0009273363975808024
    ],
    [
      0.00023194104142021388,
      0.999768078327179
    ],
    [
      0.025332411751151085,
      0.9746675491333008
    ],
    [
      0.00029035459738224745,
      0.9997096657752991
    ],
    [
      0.00291941175237298,
      0.9970805048942566
    ],
    [
      0.9992280006408691,
      0.0007719524437561631
    ],
    [
      0.005796933546662331,
      0.9942030310630798
    ],
    [
      0.013218244537711143,
      0.9867817759513855
    ],
    [
      0.01797034963965416,
      0.9820296168327332
    ],
    [
      0.9929301142692566,
      0.007069928105920553
    ],
    [
      0.00950449425727129,
      0.9904954433441162
    ],
    [
      0.995302677154541,
      0.004697330761700869
    ],
    [
      0.007356537040323019,
      0.9926435351371765
    ],
    [
      0.010866566561162472,
      0.9891334176063538
    ],
    [
      0.016926368698477745,
      0.9830736517906189
    ],
    [
      0.8994261026382446,
      0.10057387501001358
    ],
    [
      0.17303937673568726,
      0.826960563659668
    ],
    [
      0.9972148537635803,
      0.002785167656838894
    ],
    [
      0.012461167760193348,
      0.9875388145446777
    ],
    [
      0.004939449485391378,
      0.9950605034828186
    ],
    [
      0.025332411751151085,
      0.9746675491333008
    ],
    [
      0.0016733602387830615,
      0.9983265995979309
    ],
    [
      0.9962421655654907,
      0.003757892409339547
    ],
    [
      0.0022800767328590155,
      0.997719943523407
    ],
    [
      0.9977849125862122,
      0.002215145854279399
    ],
    [
      0.0019381903111934662,
      0.9980618357658386
    ],
    [
      0.9990027546882629,
      0.0009972469415515661
    ],
    [
      0.002212390536442399,
      0.997787594795227
    ],
    [
      0.9923553466796875,
      0.0076446253806352615
    ],
    [
      0.11644358932971954,
      0.8835563659667969
    ],
    [
      0.9991825222969055,
      0.0008174782269634306
    ],
    [
      0.990693986415863,
      0.009306010790169239
    ],
    [
      0.004610416945070028,
      0.9953895807266235
    ],
    [
      0.9972148537635803,
      0.002785167656838894
    ],
    [
      0.9985059499740601,
      0.0014941131230443716
    ],
    [
      9.209790732711554e-05,
      0.9999078512191772
    ],
    [
      0.08846429735422134,
      0.9115357398986816
    ],
    [
      0.00314466655254364,
      0.9968552589416504
    ],
    [
      0.041394367814064026,
      0.9586055874824524
    ],
    [
      0.007296913769096136,
      0.9927030801773071
    ],
    [
      0.9839541912078857,
      0.01604580692946911
    ],
    [
      0.0030879739206284285,
      0.9969120025634766
    ],
    [
      0.938373863697052,
      0.06162609905004501
    ],
    [
      0.0016487654065713286,
      0.9983512163162231
    ],
    [
      8.243534830398858e-05,
      0.9999175071716309
    ],
    [
      0.9980953335762024,
      0.0019046120578423142
    ],
    [
      0.0014179865829646587,
      0.9985820055007935
    ],
    [
      0.952029824256897,
      0.04797016829252243
    ],
    [
      0.9826860427856445,
      0.017313962802290916
    ],
    [
      0.9988774657249451,
      0.0011224988847970963
    ],
    [
      5.5120653996709734e-05,
      0.9999449253082275
    ],
    [
      0.9732416272163391,
      0.026758326217532158
    ],
    [
      0.9993307590484619,
      0.0006692857132293284
    ],
    [
      0.0014389613643288612,
      0.9985610842704773
    ],
    [
      0.0017168393824249506,
      0.9982831478118896
    ],
    [
      0.0001493934541940689,
      0.9998506307601929
    ],
    [
      0.0013546461705118418,
      0.9986453652381897
    ],
    [
      0.9973537921905518,
      0.0026461640372872353
    ],
    [
      0.006097030360251665,
      0.9939029812812805
    ],
    [
      0.001648768549785018,
      0.9983512163162231
    ],
    [
      0.0007461064960807562,
      0.9992539286613464
    ]
  ]
}