{
  "y_true": [
    0,
    1,
    1,
    0,
    0,
    1,
    1,
    1,
    1,
    1,
    1,
    1,
    0,
    0,
    1,
    1,
    1,
    1,
    1,
    0,
    1,
    1,
    1,
    0,
    0,
    0,
    1,
    1,
    0,
    0,
    1,
    1,
    0,
    1,
    1,
    0,
    1,
    1,
    1,
    0,
    1,
    1,
    0,
    0,
    0,
    0,
    1,
    1,
    0,
    0,
    1
  ],
  "y_pred": [
    0,
    1,
    1,
    0,
    0,
    1,
    0,
    1,
    1,
    1,
    1,
    1,
    0,
    0,
    1,
    1,
    1,
    1,
    1,
    0,
    1,
    1,
    1,
    0,
    0,
    0,
    1,
    0,
    0,
    1,
    1,
    1,
    0,
    1,
    1,
    0,
    1,
    1,
    0,
    0,
    1,
    1,
    1,
    1,
    0,
    0,
    1,
    0,
    0,
    0,
    1
  ],
  "y_probs": [
    [
      0.7334001064300537,
      0.2665998637676239
    ],
    [
      0.019741009920835495,
      0.9802589416503906
    ],
    [
      0.1192159429192543,
      0.8807839751243591
    ],
    [
      0.8170075416564941,
      0.18299245834350586
    ],
    [
      0.9937897324562073,
      0.006210268009454012
    ],
    [
      0.002317215548828244,
      0.9976828098297119
    ],
    [
      0.6759206056594849,
      0.3240794241428375
    ],
    [
      0.1156475841999054,
      0.884352445602417
    ],
    [
      0.0006243762327358127,
      0.9993756413459778
    ],
    [
      0.002622361294925213,
      0.9973776340484619
    ],
    [
      0.26211434602737427,
      0.7378856539726257
    ],
    [
      0.0013263721484690905,
      0.998673677444458
    ],
    [
      0.8483561277389526,
      0.15164393186569214
    ],
    [
      0.8541624546051025,
      0.14583753049373627
    ],
    [
      0.4692225158214569,
      0.5307775139808655
    ],
    [
      0.057175975292921066,
      0.9428240060806274
    ],
    [
      0.03971007466316223,
      0.9602899551391602
    ],
    [
      0.22304056584835052,
      0.7769594192504883
    ],
    [
      0.0011627820786088705,
      0.9988372921943665
    ],
    [
      0.9958130717277527,
      0.004186952952295542
    ],
    [
      0.10357294231653214,
      0.8964270949363708
    ],
    [
      0.2797546088695526,
      0.720245361328125
    ],
    [
      0.017497830092906952,
      0.9825021028518677
    ],
    [
      0.9828833937644958,
      0.017116647213697433
    ],
    [
      0.7883480191230774,
      0.211652010679245
    ],
    [
      0.5670998096466064,
      0.43290022015571594
    ],
    [
      0.07966190576553345,
      0.9203381538391113
    ],
    [
      0.8529185056686401,
      0.14708152413368225
    ],
    [
      0.7440114617347717,
      0.2559885084629059
    ],
    [
      0.02004770189523697,
      0.9799522757530212
    ],
    [
      0.0002908563183154911,
      0.9997090697288513
    ],
    [
      0.010619084350764751,
      0.989380955696106
    ],
    [
      0.9923412799835205,
      0.007658695336431265
    ],
    [
      0.010099878534674644,
      0.9899001717567444
    ],
    [
      0.0007892509456723928,
      0.9992107152938843
    ],
    [
      0.8352178931236267,
      0.1647820919752121
    ],
    [
      0.011744413524866104,
      0.9882556200027466
    ],
    [
      0.07683239877223969,
      0.9231675863265991
    ],
    [
      0.6968919038772583,
      0.3031080365180969
    ],
    [
      0.9047979712486267,
      0.09520202875137329
    ],
    [
      0.3930530846118927,
      0.6069469451904297
    ],
    [
      0.020167706534266472,
      0.9798322916030884
    ],
    [
      0.1069287434220314,
      0.8930712938308716
    ],
    [
      0.1352723389863968,
      0.8647276759147644
    ],
    [
      0.9944756627082825,
      0.00552439596503973
    ],
    [
      0.9803180694580078,
      0.019681988283991814
    ],
    [
      0.0028046320658177137,
      0.9971953630447388
    ],
    [
      0.5192029476165771,
      0.48079705238342285
    ],
    [
      0.8978357911109924,
      0.10216422379016876
    ],
    [
      0.9147638082504272,
      0.08523616939783096
    ],
    [
      0.0023172132205218077,
      0.9976828098297119
    ]
  ]
}