{
  "y_true": [
    1,
    1,
    1,
    1,
    1,
    0,
    0,
    1,
    1,
    1,
    0,
    0,
    0,
    0,
    0,
    1,
    1,
    1,
    0,
    0,
    0,
    0,
    1,
    1,
    1,
    1,
    0,
    1,
    1,
    1,
    1,
    0,
    0,
    1,
    0,
    0,
    1,
    1,
    1,
    1,
    1,
    1,
    1,
    1,
    0,
    1,
    0,
    1,
    0,
    1,
    0
  ],
  "y_pred": [
    1,
    1,
    1,
    0,
    1,
    0,
    0,
    1,
    1,
    1,
    0,
    0,
    0,
    0,
    0,
    1,
    1,
    1,
    1,
    0,
    0,
    0,
    1,
    1,
    1,
    1,
    0,
    0,
    1,
    1,
    1,
    1,
    0,
    1,
    0,
    0,
    1,
    1,
    1,
    1,
    1,
    1,
    1,
    1,
    0,
    1,
    0,
    1,
    0,
    1,
    0
  ],
  "y_probs": [
    [
      0.0011311867274343967,
      0.9988687634468079
    ],
    [
      0.0004411916888784617,
      0.9995587468147278
    ],
    [
      0.0006271728780120611,
      0.9993728995323181
    ],
    [
      0.6271283030509949,
      0.3728716969490051
    ],
    [
      0.0006271728780120611,
      0.9993728995323181
    ],
    [
      0.989141583442688,
      0.010858466848731041
    ],
    [
      0.924440324306488,
      0.07555965334177017
    ],
    [
      0.001113633275963366,
      0.9988864064216614
    ],
    [
      0.00023947353474795818,
      0.9997605681419373
    ],
    [
      0.014540587551891804,
      0.9854594469070435
    ],
    [
      0.9996497631072998,
      0.0003502594190649688
    ],
    [
      0.8483885526657104,
      0.15161140263080597
    ],
    [
      0.9543228149414062,
      0.04567724093794823
    ],
    [
      0.999987006187439,
      1.3021599443163723e-05
    ],
    [
      0.993263840675354,
      0.006736165843904018
    ],
    [
      0.009248217567801476,
      0.9907517433166504
    ],
    [
      0.024960963055491447,
      0.9750390648841858
    ],
    [
      0.00020461302483454347,
      0.9997953772544861
    ],
    [
      1.31167471408844e-05,
      0.9999868869781494
    ],
    [
      0.9985842704772949,
      0.001415703445672989
    ],
    [
      0.9968197345733643,
      0.0031802745070308447
    ],
    [
      0.9997923970222473,
      0.00020758558821398765
    ],
    [
      0.007863849401473999,
      0.9921361207962036
    ],
    [
      0.011833058670163155,
      0.988166868686676
    ],
    [
      0.0002526475873310119,
      0.9997473359107971
    ],
    [
      7.711962825851515e-05,
      0.9999228715896606
    ],
    [
      0.7626379132270813,
      0.2373620867729187
    ],
    [
      0.7416042685508728,
      0.2583957612514496
    ],
    [
      0.0011788459960371256,
      0.9988210797309875
    ],
    [
      0.22462470829486847,
      0.7753753066062927
    ],
    [
      3.1510022381553426e-05,
      0.9999685287475586
    ],
    [
      0.03833509609103203,
      0.9616649150848389
    ],
    [
      0.992196798324585,
      0.007803282700479031
    ],
    [
      0.0005621478776447475,
      0.9994378685951233
    ],
    [
      0.998336672782898,
      0.0016633193008601665
    ],
    [
      0.998863935470581,
      0.0011360259959474206
    ],
    [
      0.0002733336004894227,
      0.9997265934944153
    ],
    [
      0.0035006345715373755,
      0.9964993000030518
    ],
    [
      0.003284699749201536,
      0.9967153072357178
    ],
    [
      0.022283360362052917,
      0.9777166247367859
    ],
    [
      0.0042562335729599,
      0.9957438111305237
    ],
    [
      0.0628068596124649,
      0.9371931552886963
    ],
    [
      6.536888395203277e-05,
      0.9999346733093262
    ],
    [
      1.3547340131481178e-05,
      0.9999864101409912
    ],
    [
      0.9839335083961487,
      0.016066495329141617
    ],
    [
      2.172290624002926e-05,
      0.9999783039093018
    ],
    [
      0.999617338180542,
      0.0003826508764177561
    ],
    [
      0.00015063906903378665,
      0.9998493194580078
    ],
    [
      0.6890032887458801,
      0.31099674105644226
    ],
    [
      0.0008669312228448689,
      0.9991330504417419
    ],
    [
      0.9836711883544922,
      0.01632882095873356
    ]
  ]
}