{
  "y_true": [
    1,
    1,
    1,
    1,
    1,
    1,
    1,
    0,
    0,
    1,
    1,
    0,
    0,
    1,
    1,
    1,
    0,
    1,
    0,
    1,
    0,
    0,
    1,
    1,
    0,
    0,
    1,
    1,
    1,
    0,
    1,
    0,
    1,
    0,
    0,
    1,
    0,
    1,
    0,
    1,
    1,
    0,
    1,
    0,
    0,
    1,
    1,
    1,
    1,
    1,
    1,
    1,
    1,
    1,
    1,
    1,
    0,
    1,
    1,
    1,
    0,
    1,
    1,
    1,
    0,
    1,
    0,
    0,
    0,
    0,
    0,
    1,
    1,
    1,
    1,
    1,
    1,
    1,
    1,
    0,
    0,
    0,
    0,
    1,
    0,
    1,
    0,
    1,
    0,
    0,
    0
  ],
  "y_pred": [
    1,
    1,
    1,
    1,
    0,
    1,
    1,
    0,
    0,
    1,
    1,
    0,
    0,
    1,
    1,
    1,
    0,
    1,
    0,
    1,
    0,
    0,
    1,
    1,
    0,
    0,
    1,
    1,
    1,
    0,
    1,
    0,
    1,
    0,
    0,
    1,
    0,
    1,
    0,
    1,
    1,
    0,
    1,
    0,
    0,
    1,
    1,
    1,
    1,
    1,
    1,
    1,
    1,
    1,
    1,
    1,
    0,
    1,
    1,
    1,
    0,
    1,
    1,
    1,
    0,
    1,
    0,
    0,
    0,
    0,
    0,
    1,
    1,
    1,
    1,
    1,
    1,
    1,
    1,
    0,
    0,
    0,
    0,
    1,
    0,
    1,
    0,
    1,
    0,
    0,
    0
  ],
  "y_probs": [
    [
      0.01754583604633808,
      0.9824541211128235
    ],
    [
      0.007602814119309187,
      0.992397129535675
    ],
    [
      0.014864843338727951,
      0.9851351380348206
    ],
    [
      0.007280505727976561,
      0.9927195310592651
    ],
    [
      0.8487481474876404,
      0.1512518972158432
    ],
    [
      0.020605793222784996,
      0.9793941378593445
    ],
    [
      0.002492900937795639,
      0.9975071549415588
    ],
    [
      0.9969800114631653,
      0.0030199226457625628
    ],
    [
      0.999658465385437,
      0.0003415473038330674
    ],
    [
      0.01949501968920231,
      0.9805049300193787
    ],
    [
      0.031457867473363876,
      0.9685420989990234
    ],
    [
      0.9959940910339355,
      0.004005942028015852
    ],
    [
      0.998018741607666,
      0.0019812595564872026
    ],
    [
      0.01572474278509617,
      0.9842752814292908
    ],
    [
      0.005143015645444393,
      0.9948569536209106
    ],
    [
      0.000434486340964213,
      0.9995655417442322
    ],
    [
      0.8655629754066467,
      0.13443699479103088
    ],
    [
      0.010319782420992851,
      0.9896802306175232
    ],
    [
      0.9979438185691833,
      0.0020562326535582542
    ],
    [
      0.0040798792615532875,
      0.9959200620651245
    ],
    [
      0.9939455389976501,
      0.006054474040865898
    ],
    [
      0.9546070098876953,
      0.04539300128817558
    ],
    [
      0.008131928741931915,
      0.9918680787086487
    ],
    [
      0.0042005302384495735,
      0.9957994818687439
    ],
    [
      0.9966287016868591,
      0.0033713083248585463
    ],
    [
      0.9995269775390625,
      0.00047299734433181584
    ],
    [
      0.030271518975496292,
      0.9697284698486328
    ],
    [
      0.011160578578710556,
      0.9888394474983215
    ],
    [
      0.02524700202047825,
      0.9747529625892639
    ],
    [
      0.9982202649116516,
      0.0017797421896830201
    ],
    [
      0.0005483783315867186,
      0.9994515776634216
    ],
    [
      0.9990129470825195,
      0.0009870129870250821
    ],
    [
      0.005060413386672735,
      0.9949395656585693
    ],
    [
      0.998018741607666,
      0.0019812595564872026
    ],
    [
      0.9968005418777466,
      0.0031994038727134466
    ],
    [
      0.005810451693832874,
      0.9941896200180054
    ],
    [
      0.9995095729827881,
      0.0004904720117338002
    ],
    [
      0.005794905591756105,
      0.9942050576210022
    ],
    [
      0.999370276927948,
      0.0006297099753282964
    ],
    [
      0.012541679665446281,
      0.987458348274231
    ],
    [
      0.03506286442279816,
      0.964937150478363
    ],
    [
      0.9963093400001526,
      0.003690646728500724
    ],
    [
      0.0012981736799702048,
      0.998701810836792
    ],
    [
      0.9891929030418396,
      0.010807054117321968
    ],
    [
      0.9978154897689819,
      0.002184470184147358
    ],
    [
      0.010508579201996326,
      0.98949134349823
    ],
    [
      0.002445087768137455,
      0.9975549578666687
    ],
    [
      0.01604221574962139,
      0.9839577674865723
    ],
    [
      0.002974937902763486,
      0.9970250725746155
    ],
    [
      0.003565029939636588,
      0.9964349269866943
    ],
    [
      0.0024492910597473383,
      0.9975506663322449
    ],
    [
      0.0005414183833636343,
      0.9994586110115051
    ],
    [
      0.01211149524897337,
      0.987888514995575
    ],
    [
      0.0261000357568264,
      0.9738999009132385
    ],
    [
      0.005809446331113577,
      0.9941905736923218
    ],
    [
      0.00036315119359642267,
      0.9996368885040283
    ],
    [
      0.9979641437530518,
      0.0020359253976494074
    ],
    [
      0.021909626200795174,
      0.9780904054641724
    ],
    [
      0.0009649639250710607,
      0.9990350008010864
    ],
    [
      0.011326701380312443,
      0.9886732697486877
    ],
    [
      0.9979438185691833,
      0.0020562326535582542
    ],
    [
      0.01694648526608944,
      0.9830535054206848
    ],
    [
      0.007029856089502573,
      0.9929701685905457
    ],
    [
      0.016036663204431534,
      0.9839633107185364
    ],
    [
      0.9935330152511597,
      0.006467008963227272
    ],
    [
      0.006112830247730017,
      0.9938871264457703
    ],
    [
      0.9990919828414917,
      0.0009079725714400411
    ],
    [
      0.9998894929885864,
      0.00011045939027098939
    ],
    [
      0.9967164397239685,
      0.0032835006713867188
    ],
    [
      0.9991940855979919,
      0.0008059716201387346
    ],
    [
      0.9996434450149536,
      0.0003565124934539199
    ],
    [
      0.004495549015700817,
      0.9955044388771057
    ],
    [
      0.03139318525791168,
      0.9686068296432495
    ],
    [
      0.015193315222859383,
      0.9848067164421082
    ],
    [
      0.0032895521726459265,
      0.9967104196548462
    ],
    [
      0.01604221574962139,
      0.9839577674865723
    ],
    [
      0.09681202471256256,
      0.9031879901885986
    ],
    [
      0.00121505802962929,
      0.9987849593162537
    ],
    [
      0.020605793222784996,
      0.9793941378593445
    ],
    [
      0.9986701011657715,
      0.0013299152487888932
    ],
    [
      0.9986701011657715,
      0.0013299139682203531
    ],
    [
      0.9985703229904175,
      0.001429626950994134
    ],
    [
      0.9979641437530518,
      0.0020359233021736145
    ],
    [
      0.007294640876352787,
      0.9927052855491638
    ],
    [
      0.9942857623100281,
      0.005714234430342913
    ],
    [
      0.015724729746580124,
      0.9842752814292908
    ],
    [
      0.9998194575309753,
      0.00018062189337797463
    ],
    [
      0.002454048953950405,
      0.9975458979606628
    ],
    [
      0.9944241642951965,
      0.00557585759088397
    ],
    [
      0.9754734039306641,
      0.024526556953787804
    ],
    [
      0.9975318908691406,
      0.0024680285714566708
    ]
  ]
}