{
  "y_true": [
    1,
    1,
    0,
    1,
    1,
    1,
    1,
    1,
    1,
    1,
    0,
    0,
    0,
    1,
    0,
    0,
    1,
    0,
    1,
    1,
    0,
    1,
    0,
    1,
    1,
    1,
    1,
    0,
    1,
    0,
    1,
    1,
    1,
    1,
    1,
    1,
    0,
    0,
    1,
    0,
    1,
    0,
    0,
    1,
    0,
    0,
    1,
    0,
    0,
    1,
    1
  ],
  "y_pred": [
    1,
    1,
    0,
    1,
    1,
    1,
    1,
    1,
    1,
    1,
    0,
    0,
    0,
    0,
    0,
    0,
    1,
    0,
    1,
    1,
    0,
    1,
    0,
    1,
    1,
    1,
    1,
    0,
    1,
    1,
    1,
    1,
    1,
    0,
    1,
    1,
    1,
    0,
    1,
    1,
    1,
    0,
    0,
    0,
    0,
    0,
    1,
    0,
    0,
    1,
    1
  ],
  "y_probs": [
    [
      0.4609225392341614,
      0.5390774607658386
    ],
    [
      0.428741455078125,
      0.571258544921875
    ],
    [
      0.9799260497093201,
      0.020073911175131798
    ],
    [
      0.3435141146183014,
      0.6564858555793762
    ],
    [
      0.21595554053783417,
      0.7840445041656494
    ],
    [
      0.040373899042606354,
      0.9596260786056519
    ],
    [
      0.07347200810909271,
      0.9265279769897461
    ],
    [
      0.18545980751514435,
      0.8145402073860168
    ],
    [
      0.010733804665505886,
      0.9892661571502686
    ],
    [
      0.06500377506017685,
      0.9349961876869202
    ],
    [
      0.9931128621101379,
      0.006887158844619989
    ],
    [
      0.7765277028083801,
      0.22347234189510345
    ],
    [
      0.6009167432785034,
      0.3990832567214966
    ],
    [
      0.573990523815155,
      0.42600947618484497
    ],
    [
      0.7666764259338379,
      0.2333235740661621
    ],
    [
      0.6121470928192139,
      0.38785290718078613
    ],
    [
      0.42090415954589844,
      0.5790957808494568
    ],
    [
      0.9114281535148621,
      0.08857186883687973
    ],
    [
      0.016330977901816368,
      0.9836689829826355
    ],
    [
      0.05105515941977501,
      0.9489448666572571
    ],
    [
      0.8841692805290222,
      0.11583075672388077
    ],
    [
      0.3292091190814972,
      0.6707909107208252
    ],
    [
      0.619221031665802,
      0.3807789385318756
    ],
    [
      0.0027065251488238573,
      0.9972934126853943
    ],
    [
      0.0047304206527769566,
      0.9952695965766907
    ],
    [
      0.07125186175107956,
      0.9287481307983398
    ],
    [
      0.026218783110380173,
      0.9737812280654907
    ],
    [
      0.6276484727859497,
      0.3723515272140503
    ],
    [
      0.011169347912073135,
      0.9888306260108948
    ],
    [
      0.029315322637557983,
      0.9706846475601196
    ],
    [
      0.006047002971172333,
      0.9939529299736023
    ],
    [
      0.09188184142112732,
      0.9081181883811951
    ],
    [
      0.1315162181854248,
      0.8684837222099304
    ],
    [
      0.7228891253471375,
      0.2771108150482178
    ],
    [
      0.010733804665505886,
      0.9892661571502686
    ],
    [
      0.0017045106505975127,
      0.9982954859733582
    ],
    [
      0.1218927726149559,
      0.8781072497367859
    ],
    [
      0.9261491298675537,
      0.0738508403301239
    ],
    [
      0.10658804327249527,
      0.8934119939804077
    ],
    [
      0.07122091948986053,
      0.9287790656089783
    ],
    [
      0.14928455650806427,
      0.8507154583930969
    ],
    [
      0.9857557415962219,
      0.014244216494262218
    ],
    [
      0.9812545776367188,
      0.018745457753539085
    ],
    [
      0.8406571745872498,
      0.15934282541275024
    ],
    [
      0.6073119640350342,
      0.39268800616264343
    ],
    [
      0.804347813129425,
      0.19565212726593018
    ],
    [
      0.0005793137825094163,
      0.9994207620620728
    ],
    [
      0.8127884864807129,
      0.18721149861812592
    ],
    [
      0.9918769598007202,
      0.008123071864247322
    ],
    [
      0.03598479554057121,
      0.9640152454376221
    ],
    [
      0.2869051694869995,
      0.7130948305130005
    ]
  ]
}