{
  "y_true": [
    0,
    1,
    0,
    1,
    1,
    1,
    0,
    1,
    1,
    1,
    1,
    1,
    1,
    1,
    0,
    1,
    1,
    0,
    1,
    1,
    0,
    0,
    0,
    1,
    0,
    1,
    1,
    1,
    1,
    0,
    0,
    1,
    1,
    1,
    1,
    1,
    0,
    0,
    0,
    1,
    0,
    0,
    0,
    0,
    1,
    1,
    0,
    1,
    1,
    1,
    0
  ],
  "y_pred": [
    0,
    1,
    0,
    1,
    1,
    1,
    1,
    1,
    0,
    1,
    1,
    1,
    1,
    1,
    0,
    1,
    1,
    0,
    1,
    1,
    1,
    0,
    1,
    1,
    0,
    1,
    1,
    1,
    1,
    0,
    0,
    1,
    0,
    1,
    1,
    0,
    0,
    0,
    1,
    1,
    0,
    0,
    0,
    0,
    1,
    1,
    0,
    1,
    1,
    1,
    0
  ],
  "y_probs": [
    [
      0.8345736861228943,
      0.1654263287782669
    ],
    [
      0.05001402646303177,
      0.9499859809875488
    ],
    [
      0.9688952565193176,
      0.031104763969779015
    ],
    [
      0.005790226627141237,
      0.9942097663879395
    ],
    [
      0.08563696593046188,
      0.9143630266189575
    ],
    [
      0.0006237654015421867,
      0.9993762373924255
    ],
    [
      0.006640137173235416,
      0.9933598637580872
    ],
    [
      0.06369611620903015,
      0.9363039135932922
    ],
    [
      0.8510318398475647,
      0.1489681750535965
    ],
    [
      0.3823520839214325,
      0.6176479458808899
    ],
    [
      0.0032192787621170282,
      0.9967807531356812
    ],
    [
      0.005203351844102144,
      0.9947966933250427
    ],
    [
      0.12148424237966537,
      0.8785157799720764
    ],
    [
      0.08705288916826248,
      0.9129471182823181
    ],
    [
      0.948326587677002,
      0.051673371344804764
    ],
    [
      0.005203351844102144,
      0.9947966933250427
    ],
    [
      0.04002508893609047,
      0.9599748849868774
    ],
    [
      0.9716818332672119,
      0.02831815369427204
    ],
    [
      0.020272450521588326,
      0.9797276258468628
    ],
    [
      0.006727260071784258,
      0.9932726621627808
    ],
    [
      0.4883209466934204,
      0.5116789937019348
    ],
    [
      0.9531181454658508,
      0.046881888061761856
    ],
    [
      0.00366120133548975,
      0.9963388442993164
    ],
    [
      0.03228723257780075,
      0.9677127003669739
    ],
    [
      0.9418402910232544,
      0.05815967544913292
    ],
    [
      0.2789938449859619,
      0.7210061550140381
    ],
    [
      0.0055932472459971905,
      0.9944068193435669
    ],
    [
      0.06335826963186264,
      0.9366416931152344
    ],
    [
      0.019875144585967064,
      0.980124831199646
    ],
    [
      0.7022343277931213,
      0.29776570200920105
    ],
    [
      0.8145025968551636,
      0.18549734354019165
    ],
    [
      0.03318018093705177,
      0.9668197631835938
    ],
    [
      0.5077918171882629,
      0.49220818281173706
    ],
    [
      0.2911789119243622,
      0.7088211178779602
    ],
    [
      0.0036340837832540274,
      0.9963659048080444
    ],
    [
      0.6076833605766296,
      0.39231663942337036
    ],
    [
      0.9940914511680603,
      0.005908530671149492
    ],
    [
      0.985566258430481,
      0.014433737844228745
    ],
    [
      0.11034774780273438,
      0.8896523118019104
    ],
    [
      0.007007308304309845,
      0.9929927587509155
    ],
    [
      0.9736895561218262,
      0.026310432702302933
    ],
    [
      0.977301836013794,
      0.022698137909173965
    ],
    [
      0.997566819190979,
      0.002433184999972582
    ],
    [
      0.9966920614242554,
      0.003307981649413705
    ],
    [
      0.244670569896698,
      0.755329430103302
    ],
    [
      0.018021920695900917,
      0.9819781184196472
    ],
    [
      0.9018258452415466,
      0.09817413985729218
    ],
    [
      0.004494059830904007,
      0.9955059289932251
    ],
    [
      0.20866093039512634,
      0.7913390398025513
    ],
    [
      0.10509149730205536,
      0.8949084877967834
    ],
    [
      0.9718459844589233,
      0.02815401926636696
    ]
  ]
}